sku,url
B015,https://mslvideos.s3-us-west-2.amazonaws.com/AssHook-TylerRush-ChrisBurke_720p_2800k.mp4
CB052,https://mslvideos.s3-us-west-2.amazonaws.com/DOLANWOLFnBRIANBONDS-1_720p_2800k.mp4
CB053,https://mslvideos.s3-us-west-2.amazonaws.com/CB053-DEC16_720p_2800k.mp4
CB054,https://mslvideos.s3-us-west-2.amazonaws.com/CB054_SL269-NOV16_720p_2800k.mp4
CB055,https://mslvideos.s3-us-west-2.amazonaws.com/CB055-DEC16_720p_2800k.mp4
CB071,https://mslvideos.s3-us-west-2.amazonaws.com/CB071DEMO_720p_2800k.mp4
CB072,https://mslvideos.s3-us-west-2.amazonaws.com/CB072DEMO_720p_2800k.mp4
CB074, https://mslvideos.s3-us-west-2.amazonaws.com/CV074_720p_2800k.mp4
CB079,https://mslvideos.s3-us-west-2.amazonaws.com/CB079_720p_2800k.mp4
CB086,https://mslvideos.s3-us-west-2.amazonaws.com/CB086-UnitX&CockSling-CoryMitchell&BlakeDaniels_720p_2800k.mp4
CB086,https://mslvideos.s3-us-west-2.amazonaws.com/CB086-CB132-UnitX-AtomicJockAndStretch_720p_2800k.mp4
CB098,https://mslvideos.s3-us-west-2.amazonaws.com/CB098b_720p_2800k.mp4
CB099,https://mslvideos.s3-us-west-2.amazonaws.com/CB099DEMO_720p_2800k.mp4
CB100,https://mslvideos.s3-us-west-2.amazonaws.com/CB100DEMO_720p_2800k.mp4
CB101,https://mslvideos.s3-us-west-2.amazonaws.com/CB101-Brawn-Oct16_720p_2800k.mp4
CB122,https://mslvideos.s3-us-west-2.amazonaws.com/CB122_720p_2800k.mp4
CB122, https://mslvideos.s3-us-west-2.amazonaws.com/CB122DEMO_720p_2800k.mp4
CB123,https://mslvideos.s3-us-west-2.amazonaws.com/CB123-a_720p_2800k.mp4
CB123, https://mslvideos.s3-us-west-2.amazonaws.com/CB123DEMO_720p_2800k.mp4
CB1230,http://mslvideos.s3.amazonaws.com/Mr-S-Leather-Locking-Humbler-CB1230-Jessie-Colter-Dylan-Strokes-Action-Update.mp4
CB1230,http://mslvideos.s3.amazonaws.com/Mr-S-Leather-Locking-Humbler-CB1230-Amp-Commercial-SD.mp4
CB129,https://mslvideos.s3-us-west-2.amazonaws.com/CB129-CB127-OxballsSiliconeStretcherAndCockring-JUL2016_720p_2800k.mp4
CB132,https://mslvideos.s3-us-west-2.amazonaws.com/CB086-CB132-UnitX-AtomicJockAndStretch_720p_2800k.mp4
CB134,https://mslvideos.s3-us-west-2.amazonaws.com/CB134-UnitX&CockSling-CoryMitchell&BlakeDaniels_720p_2800k.mp4
CB143,https://mslvideos.s3-us-west-2.amazonaws.com/CB143-DEMO_720p_2800k.mp4
CB145,https://mslvideos.s3-us-west-2.amazonaws.com/CB145-Tri-SportCocksling-JUL2016_720p_2800k.mp4
CB145,https://mslvideos.s3-us-west-2.amazonaws.com/CB145DEMO_720p_2800k.mp4
CB148,https://mslvideos.s3-us-west-2.amazonaws.com/CB148-demo-jonshields_720p_2800k.mp4
CB149A,https://mslvideos.s3-us-west-2.amazonaws.com/CB149-Demo-jonshields_720p_2800k.mp4
CB149B,https://mslvideos.s3-us-west-2.amazonaws.com/CB149-Demo-jonshields_720p_2800k.mp4
CB149C,https://mslvideos.s3-us-west-2.amazonaws.com/CB149-Demo-jonshields_720p_2800k.mp4
CB149D,https://mslvideos.s3-us-west-2.amazonaws.com/CB149-Demo-jonshields_720p_2800k.mp4
CB150,https://mslvideos.s3-us-west-2.amazonaws.com/HowToPutOnAMetalCockringJUL2016_720p_2800k.mp4
CB156,https://mslvideos.s3-us-west-2.amazonaws.com/HowToPutOnAMetalCockringJUL2016_720p_2800k.mp4
CB157,https://mslvideos.s3-us-west-2.amazonaws.com/CB157DEMOb_720p_2800k.mp4
CB157,https://mslvideos.s3-us-west-2.amazonaws.com/HowToPutOnAMetalCockringJUL2016_720p_2800k.mp4
CB159,https://mslvideos.s3-us-west-2.amazonaws.com/CB159-Demo-jonshields_720p_2800k.mp4
CB164,https://mslvideos.s3-us-west-2.amazonaws.com/HowToPutOnAMetalCockringJUL2016_720p_2800k.mp4
CB175A,https://mslvideos.s3-us-west-2.amazonaws.com/XACT-FIT-COCKRINGS-CB175A-CB175B-CB175C-CB175D_720p_2800k.mp4
CB175B,https://mslvideos.s3-us-west-2.amazonaws.com/XACT-FIT-COCKRINGS-CB175A-CB175B-CB175C-CB175D_720p_2800k.mp4
CB175C,https://mslvideos.s3-us-west-2.amazonaws.com/XACT-FIT-COCKRINGS-CB175A-CB175B-CB175C-CB175D_720p_2800k.mp4
CB175D,https://mslvideos.s3-us-west-2.amazonaws.com/XACT-FIT-COCKRINGS-CB175A-CB175B-CB175C-CB175D_720p_2800k.mp4
CB176,https://mslvideos.s3-us-west-2.amazonaws.com/CB176-ACTION-JUL2016_720p_2800k.mp4
CB176,https://mslvideos.s3-us-west-2.amazonaws.com/CB176-ThePlayzone-JUL2016_720p_2800k.mp4
CB177,https://mslvideos.s3-us-west-2.amazonaws.com/CB177_720p_2800k.mp4
CB177, https://mslvideos.s3-us-west-2.amazonaws.com/CB177DEMO_720p_2800k.mp4
CB177,https://mslvideos.s3-us-west-2.amazonaws.com/CB177-Comparison_720p_2800k.mp4
CB179,https://mslvideos.s3-us-west-2.amazonaws.com/CB179_720p_2800k.mp4
CB179, https://mslvideos.s3-us-west-2.amazonaws.com/CB179DEMO_720p_2800k.mp4
CB184,https://mslvideos.s3-us-west-2.amazonaws.com/Armour-Tug-Lock-by-Perfect-Fit-CB184_720p_2800k.mp4
CB188,https://mslvideos.s3-us-west-2.amazonaws.com/CB188-StackIt-Oct16_720p_2800k.mp4
CB192,https://mslvideos.s3-us-west-2.amazonaws.com/CB192_CB193_Titan_Glans_Rings_Amp_720p_2800k.mp4
CB193,https://mslvideos.s3-us-west-2.amazonaws.com/CB192_CB193_Titan_Glans_Rings_Amp_720p_2800k.mp4
CB200K,https://mslvideos.s3-us-west-2.amazonaws.com/SILICONE-SNAP-COCKSTRAPandSILICONE-SNAP-BALLSTRETCHER-BONEYARD-CB200G-K-R-Y-CB201G-K-R_720p_2800k.mp4
CB200R,https://mslvideos.s3-us-west-2.amazonaws.com/SILICONE-SNAP-COCKSTRAPandSILICONE-SNAP-BALLSTRETCHER-BONEYARD-CB200G-K-R-Y-CB201G-K-R_720p_2800k.mp4
CB201G,https://mslvideos.s3-us-west-2.amazonaws.com/SILICONE-SNAP-COCKSTRAPandSILICONE-SNAP-BALLSTRETCHER-BONEYARD-CB200G-K-R-Y-CB201G-K-R_720p_2800k.mp4
CB201K,https://mslvideos.s3-us-west-2.amazonaws.com/SILICONE-SNAP-COCKSTRAPandSILICONE-SNAP-BALLSTRETCHER-BONEYARD-CB200G-K-R-Y-CB201G-K-R_720p_2800k.mp4
CB201R,https://mslvideos.s3-us-west-2.amazonaws.com/SILICONE-SNAP-COCKSTRAPandSILICONE-SNAP-BALLSTRETCHER-BONEYARD-CB200G-K-R-Y-CB201G-K-R_720p_2800k.mp4
CB3500,https://mslvideos.s3-us-west-2.amazonaws.com/CB3500_3501_3502_3503_stainless_steel_nutt_tugger_amp_video_ball_stretcher_720p_2800k.mp4
CB3501,https://mslvideos.s3-us-west-2.amazonaws.com/CB3500_3501_3502_3503_stainless_steel_nutt_tugger_amp_video_ball_stretcher_720p_2800k.mp4
CB3502,https://mslvideos.s3-us-west-2.amazonaws.com/CB3500_3501_3502_3503_stainless_steel_nutt_tugger_amp_video_ball_stretcher_720p_2800k.mp4
CB3503,https://mslvideos.s3-us-west-2.amazonaws.com/CB3500_3501_3502_3503_stainless_steel_nutt_tugger_amp_video_ball_stretcher_720p_2800k.mp4
CB354C,https://mslvideos.s3-us-west-2.amazonaws.com/Fleshjack-AUG16-CB355-CB356-CB357-CB358-CB354C-SOCIAL_720p_2800k.mp4
CB355, https://mslvideos.s3-us-west-2.amazonaws.com/CB355-CB356_720p_2800k.mp4
CB355,https://mslvideos.s3-us-west-2.amazonaws.com/Fleshjack-AUG16-CB355-CB356-CB357-CB358-CB354C-SOCIAL_720p_2800k.mp4
CB356, https://mslvideos.s3-us-west-2.amazonaws.com/CB355-CB356_720p_2800k.mp4
CB356,https://mslvideos.s3-us-west-2.amazonaws.com/Fleshjack-AUG16-CB355-CB356-CB357-CB358-CB354C-SOCIAL_720p_2800k.mp4
CB357, https://mslvideos.s3-us-west-2.amazonaws.com/CB357-CB358_720p_2800k.mp4
CB357,https://mslvideos.s3-us-west-2.amazonaws.com/Fleshjack-AUG16-CB355-CB356-CB357-CB358-CB354C-SOCIAL_720p_2800k.mp4
CB358, https://mslvideos.s3-us-west-2.amazonaws.com/CB357-CB358_720p_2800k.mp4
CB358,https://mslvideos.s3-us-west-2.amazonaws.com/CB456-CB358-SebastianKeys-Eric_720p_2800k.mp4
CB358,https://mslvideos.s3-us-west-2.amazonaws.com/Fleshjack-AUG16-CB355-CB356-CB357-CB358-CB354C-SOCIAL_720p_2800k.mp4
CB3700,https://mslvideos.s3-us-west-2.amazonaws.com/MAGNETIC-CAPTIVE-BALL-COCKRING-CB3700-CB3701-CB3702-CB3703_720p_2800k.mp4
CB380, https://mslvideos.s3-us-west-2.amazonaws.com/CB380DEMO_720p_2800k.mp4
CB3800,http://mslvideos.s3.amazonaws.com/CB3800_tread_cock_and_ball_ring_amp_commercial_silicone_cockring_action_shot.mp4
CB3800,http://mslvideos.s3.amazonaws.com/CB3800_tread_cock_and_ball_ring_amp_commercial_silicone_cockring.mp4
CB3801,http://mslvideos.s3.amazonaws.com/CB3801_cruiser_cock_ball_amp_commercial_silicone_cockring.mp4
CB401, https://mslvideos.s3-us-west-2.amazonaws.com/CB411-CB401_720p_2800k.mp4
CB411, https://mslvideos.s3-us-west-2.amazonaws.com/CB411-CB401_720p_2800k.mp4
CB411C, https://mslvideos.s3-us-west-2.amazonaws.com/CB411-CB401_720p_2800k.mp4
CB411S, https://mslvideos.s3-us-west-2.amazonaws.com/CB411-CB401_720p_2800k.mp4
CB4200,http://mslvideos.s3.amazonaws.com/CB4200_fleshlight_turbo_silicone_action_shot_porn_mr_s_leather.mp4
CB4200,http://mslvideos.s3.amazonaws.com/CB4200_fleshlight_turbo_trust_fleshjack_amp_commercial.mp4
CB422,https://mslvideos.s3-us-west-2.amazonaws.com/DOLANWOLFnBRIANBONDS-2_720p_2800k.mp4
CB6002,http://mslvideos.s3.amazonaws.com/Mr-S-Leather-Sacksling-meat-cock-ring-Jesse-Dirk-CB6002-CB6004-Action-SD.mp4
CB6002,http://mslvideos.s3.amazonaws.com/Mr-S-Leather-Oxballs-Sacksling-2-CB6002-Commercial-SD.mp4
CB6003,http://mslvideos.s3.amazonaws.com/Mr-S-Leather-Oxballs-Tailpipe-Chastity-CB6003-Commercial-sd.mp4
CB6004,http://mslvideos.s3.amazonaws.com/Mr-S-Leather-Sacksling-meat-cock-ring-Jesse-Dirk-CB6002-CB6004-Action-SD.mp4
CB6004,http://mslvideos.s3.amazonaws.com/Mr-S-Leather-Meat-cock-ring-Cb6004-Amp-Commercial-SD.mp4
CB6005,http://mslvideos.s3.amazonaws.com/Mr-S-Leather-360-cock-ring-ball-sling-jesse-dirk-Action-sd.mp4
CB6005,http://mslvideos.s3.amazonaws.com/Mr-S-Leather-360-Cock-Ring-Ball-Sling-Cb6005-Amp-Commercial-sd.mp4
CB6006,http://mslvideos.s3.amazonaws.com/Mr-S-Leather-Screwd-Jackoff-Sleeve-Kristofer-Abraham-CB6006-Action-SD.mp4
CB6006,http://mslvideos.s3.amazonaws.com/Mr-S-Leather-SCREWD-Jackoff-Sleeve-Amp-CB6006-Commercial-SD.mp4
CB6008,http://mslvideos.s3.amazonaws.com/Mr-S-Leather-Sacksling-Electrified-2-Dirk-Todd-CB6008-Action.mp4
CB601, https://mslvideos.s3-us-west-2.amazonaws.com/cb601-silicone-pump-ring_720p_2800k.mp4
CB601, https://mslvideos.s3-us-west-2.amazonaws.com/PUMPKITdemo_720p_2800k.mp4
CB6012,http://mslvideos.s3.amazonaws.com/Mr-S-Leather-Butt-balls-cb6012-Jessie-Colter-Dylan-Strokes-Action.mp4
CB6012,http://mslvideos.s3.amazonaws.com/Mr-S-Leather-butt-balls-CB6012-Amp-Commercial.mp4
CB6013,http://mslvideos.s3.amazonaws.com/Mr-S-Leather-AIR-CB6013-Dylan-Strokes-Jessie-Colter-Action.mp4
CB6013,http://mslvideos.s3.amazonaws.com/Mr-S-Leather-air-CB6013-Amp-Commercial.mp4
CB6014,http://mslvideos.s3.amazonaws.com/Mr-S-Leather-Tri-squeeze-CB6014-Jessie-Colter-Dylan-Strokes-Action.mp4
CB6014,http://mslvideos.s3.amazonaws.com/Mr-S-Leather-Tri-squeeze-CB6014-Amp-Commercial.mp4
CB8303K,http://mslvideos.s3.amazonaws.com/Mr-S-Leather-SoftStretchSiliconeCockring-Amp-Commercial.mp4
CB8702C,http://mslvideos.s3.amazonaws.com/Mr-S-Leather-V3-Holy-Trainer-Chastity-Cock-Cage-Arrow-CB8712-Action.mp4
CB8702C,http://mslvideos.s3.amazonaws.com/Mr-S-Leather-V3HolyTrainerChastity-Arrow-William-CB8712-Action.mp4
CB8702C,http://mslvideos.s3.amazonaws.com/Mr-S-Leather-Holy-trainer-chastity-cock-cage-v3-CB8712-Amp-Commercial_2.mp4
CB8707,http://mslvideos.s3.amazonaws.com/Mr-S-Leather-V3-Holy-Trainer-Chastity-Cock-Cage-Arrow-CB8712-Action.mp4
CB8707,http://mslvideos.s3.amazonaws.com/Mr-S-Leather-V3HolyTrainerChastity-Arrow-William-CB8712-Action.mp4
CB8707,http://mslvideos.s3.amazonaws.com/Mr-S-Leather-V3-Chastity-cock-cage-CB8712-Amp-Commercial-sd.mp4
CB8712,http://mslvideos.s3.amazonaws.com/Mr-S-Leather-V3-Holy-Trainer-Chastity-Cock-Cage-Arrow-CB8712-Action.mp4
CB8712,http://mslvideos.s3.amazonaws.com/Mr-S-Leather-V3HolyTrainerChastity-Arrow-William-CB8712-Action.mp4
CB8712,http://mslvideos.s3.amazonaws.com/Mr-S-Leather-Holy-trainer-chastity-cock-cage-v3-CB8712-Amp-Commercial_2.mp4
D015, https://mslvideos.s3-us-west-2.amazonaws.com/D015-Ass Hammer_720p_2800k.mp4
D015,https://mslvideos.s3-us-west-2.amazonaws.com/A-D015-LargeAssHammer-CoryKoons_720p_2800k.mp4
D015, https://mslvideos.s3-us-west-2.amazonaws.com/D015_720p_2800k.mp4
D015, https://mslvideos.s3-us-west-2.amazonaws.com/D015-D015L_720p_2800k.mp4
D015L,https://mslvideos.s3-us-west-2.amazonaws.com/A-D015L-LargeAssHammer-CoryKoons_720p_2800k.mp4
D015L, https://mslvideos.s3-us-west-2.amazonaws.com/D015-D015L_720p_2800k.mp4
D031,https://mslvideos.s3-us-west-2.amazonaws.com/PUPPY-TylerRush-ChrisBurke_720p_2800k.mp4
D031, https://mslvideos.s3-us-west-2.amazonaws.com/D031DEMO-corrected_720p_2800k.mp4
D057,https://mslvideos.s3-us-west-2.amazonaws.com/D057-WoofPlug_720p_2800k.mp4
D059, https://mslvideos.s3-us-west-2.amazonaws.com/D059DEMO_720p_2800k.mp4
D062,https://mslvideos.s3-us-west-2.amazonaws.com/D068-Aug2016_720p_2800k.mp4
D065, https://mslvideos.s3-us-west-2.amazonaws.com/D065_720p_2800k.mp4
D065, https://mslvideos.s3-us-west-2.amazonaws.com/D065DEMO_720p_2800k.mp4
D075, https://mslvideos.s3-us-west-2.amazonaws.com/D075_720p_2800k.mp4
D075, https://mslvideos.s3-us-west-2.amazonaws.com/D075DEMO_720p_2800k.mp4
D079,https://mslvideos.s3-us-west-2.amazonaws.com/D079_720p_2800k.mp4
D079, https://mslvideos.s3-us-west-2.amazonaws.com/D079c_720p_2800k.mp4
D079, https://mslvideos.s3-us-west-2.amazonaws.com/D079_720p_2800k.mp4
D081, https://mslvideos.s3-us-west-2.amazonaws.com/D081-Hump Gear_720p_2800k.mp4
D081,https://mslvideos.s3-us-west-2.amazonaws.com/D081-Humpgear-DrewSebastian&BlueBailey_720p_2800k.mp4
D081, https://mslvideos.s3-us-west-2.amazonaws.com/D081DEMO_720p_2800k.mp4
D085, https://mslvideos.s3-us-west-2.amazonaws.com/D085DEMO_720p_2800k.mp4
D087, https://mslvideos.s3-us-west-2.amazonaws.com/D087DEMO_720p_2800k.mp4
D093,https://mslvideos.s3-us-west-2.amazonaws.com/D093-ASSHOOK_720p_2800k.mp4
D093,https://mslvideos.s3-us-west-2.amazonaws.com/AssHook-TylerRush-ChrisBurke_720p_2800k.mp4
D093, https://mslvideos.s3-us-west-2.amazonaws.com/D093AssHookDEMO_720p_2800k.mp4
D110, https://mslvideos.s3-us-west-2.amazonaws.com/D110_720p_2800k.mp4
D110, https://mslvideos.s3-us-west-2.amazonaws.com/D110DEMO_720p_2800k.mp4
D113,http://mslvideos.s3.amazonaws.com/Mr-S-Leather-Daddy-cock-extender-d113-tali-kalen-action.mp4
D113,https://mslvideos.s3-us-west-2.amazonaws.com/D113Demo-032416_720p_2800k.mp4
D114,https://mslvideos.s3-us-west-2.amazonaws.com/D114-BrianJohnny-TAILFUCK_720p_2800k.mp4
D114, https://mslvideos.s3-us-west-2.amazonaws.com/D114-TailFuckDemo-v3_720p_2800k.mp4
D120,https://mslvideos.s3-us-west-2.amazonaws.com/Clear-Ice-Dildos-D120-D122-D123-OCT16_720p_2800k.mp4
D121,https://mslvideos.s3-us-west-2.amazonaws.com/Clear-Ice-DoubleDildo-D121-OCT16_720p_2800k.mp4
D122,https://mslvideos.s3-us-west-2.amazonaws.com/Clear-Ice-Dildos-D120-D122-D123-OCT16_720p_2800k.mp4
D123,https://mslvideos.s3-us-west-2.amazonaws.com/Clear-Ice-Dildos-D120-D122-D123-OCT16_720p_2800k.mp4
D128,https://mslvideos.s3-us-west-2.amazonaws.com/D047_D128_SL500_SwissNavyGreaseTitusAnalBeadsWristtoThigHRestraints-NOV16_720p_2800k.mp4
D128,http://mslvideos.s3.amazonaws.com/Mr-S-Leather-Silicone-anal-chain-D128-Action.mp4
D190,https://mslvideos.s3-us-west-2.amazonaws.com/D190-Commercial-NOV16_720p_2800k.mp4
D192,https://mslvideos.s3-us-west-2.amazonaws.com/D190_D192_Misc300-NOV16_720p_2800k.mp4
D201,https://mslvideos.s3-us-west-2.amazonaws.com/VIXENDILDOS-D201-D202-D203-D204-D206-D207-D209_720p_2800k.mp4
D202,https://mslvideos.s3-us-west-2.amazonaws.com/VixSkin-D202_D206_720p_2800k.mp4
D202,https://mslvideos.s3-us-west-2.amazonaws.com/VIXENDILDOS-D201-D202-D203-D204-D206-D207-D209_720p_2800k.mp4
D203,https://mslvideos.s3-us-west-2.amazonaws.com/VIXENDILDOS-D201-D202-D203-D204-D206-D207-D209_720p_2800k.mp4
D204,https://mslvideos.s3-us-west-2.amazonaws.com/VIXENDILDOS-D201-D202-D203-D204-D206-D207-D209_720p_2800k.mp4
D206,https://mslvideos.s3-us-west-2.amazonaws.com/VixSkin-D202_D206_720p_2800k.mp4
D206,https://mslvideos.s3-us-west-2.amazonaws.com/VIXENDILDOS-D201-D202-D203-D204-D206-D207-D209_720p_2800k.mp4
D207,https://mslvideos.s3-us-west-2.amazonaws.com/VIXENDILDOS-D201-D202-D203-D204-D206-D207-D209_720p_2800k.mp4
D209,https://mslvideos.s3-us-west-2.amazonaws.com/VIXENDILDOS-D201-D202-D203-D204-D206-D207-D209_720p_2800k.mp4
D259,https://mslvideos.s3-us-west-2.amazonaws.com/MR S D259 WMCBP_720p_2800k.mp4
D259, https://mslvideos.s3-us-west-2.amazonaws.com/D259_720p_2800k.mp4
D260E, https://mslvideos.s3-us-west-2.amazonaws.com/D260EandE232_720p_2800k.mp4
D260E, https://mslvideos.s3-us-west-2.amazonaws.com/D261EDEMO_720p_2800k.mp4
D265,https://mslvideos.s3-us-west-2.amazonaws.com/MR-S Rattler Butt Plug D265_720p_2800k.mp4
D265, https://mslvideos.s3-us-west-2.amazonaws.com/D265-D266-D267-D268_720p_2800k.mp4
D296, https://mslvideos.s3-us-west-2.amazonaws.com/D296b_720p_2800k.mp4
D3303,https://mslvideos.s3-us-west-2.amazonaws.com/EL-REY-DILDO-D3303_720p_2800k.mp4
D3304,https://mslvideos.s3-us-west-2.amazonaws.com/BOSS-HOG-DILDO-D3304_720p_2800k.mp4
D3305,https://mslvideos.s3.amazonaws.com/STUMPNDUMP-DILDO-D3305_720p_2800k.mp4
D3313,https://mslvideos.s3.amazonaws.com/Strap-On-Dildos-Mr-Hankey-May2017.mp4
D3314,https://mslvideos.s3.amazonaws.com/Strap-On-Dildos-Mr-Hankey-May2017.mp4
D3316,https://mslvideos.s3.amazonaws.com/Strap-On-Dildos-Mr-Hankey-May2017.mp4
D3317,https://mslvideos.s3.amazonaws.com/Strap-On-Dildos-Mr-Hankey-May2017.mp4
D3319,https://mslvideos.s3.amazonaws.com/Strap-On-Dildos-Mr-Hankey-May2017.mp4
D3320,https://mslvideos.s3.amazonaws.com/Strap-On-Dildos-Mr-Hankey-May2017.mp4
D3323,http://mslvideos.s3.amazonaws.com/Mr S Leather Cyclops Dildo Tali Kalen D3323 Action.mp4
D3400,https://mslvideos.s3-us-west-2.amazonaws.com/D3400_AMP_BUTTPLUG_VIBRATING_BLUETOOTH_VIDEO_720p_2800k.mp4
D3402,http://mslvideos.s3.amazonaws.com/Mr-S-Leather-Bluetooth-prostate-vibe-Jessie-Colter-Dylan-Strokes-D3402-Action.mp4
D3402,http://mslvideos.s3.amazonaws.com/Mr-S-Leather-Bluetooth-prostate-vibe-Amp-D3402-Commercial.mp4
D3503,https://mslvideos.s3-us-west-2.amazonaws.com/MEGA-STUD-REAL-FEEL-DILDOS-D3501-3502-D3503-D3504-D3505-D3506_720p_2800k.mp4
D3504,https://mslvideos.s3-us-west-2.amazonaws.com/MEGA-STUD-REAL-FEEL-DILDOS-D3501-3502-D3503-D3504-D3505-D3506_720p_2800k.mp4
D3505,https://mslvideos.s3-us-west-2.amazonaws.com/MEGA-STUD-REAL-FEEL-DILDOS-D3501-3502-D3503-D3504-D3505-D3506_720p_2800k.mp4
D3506,https://mslvideos.s3-us-west-2.amazonaws.com/MEGA-STUD-REAL-FEEL-DILDOS-D3501-3502-D3503-D3504-D3505-D3506_720p_2800k.mp4
D3507,https://mslvideos.s3-us-west-2.amazonaws.com/WIRELESS-VIBRATING-DILDO-D3507-D3508_720p_2800k.mp4
D3508,https://mslvideos.s3-us-west-2.amazonaws.com/WIRELESS-VIBRATING-DILDO-D3507-D3508_720p_2800k.mp4
D3514,http://mslvideos.s3.amazonaws.com/D3514_D3517_butt_plug_ribbed_silicone_amp_commercial.mp4
D3517,http://mslvideos.s3.amazonaws.com/D3514_D3517_butt_plug_ribbed_silicone_amp_commercial.mp4
D352,https://mslvideos.s3-us-west-2.amazonaws.com/D602H-LeoDildoHarnessAction_720p_2800k.mp4
D3520,http://mslvideos.s3.amazonaws.com/Mr-S-Leather-Vibrating-Puppy-Tail-D3520-Amp-Commercial-SD-2.mp4
D353, https://mslvideos.s3-us-west-2.amazonaws.com/D353-DolanAndBrian_720p_2800k.mp4
D353, https://mslvideos.s3-us-west-2.amazonaws.com/D353DEMO_720p_2800k.mp4
D3800,http://mslvideos.s3.amazonaws.com/Mr-S-Leather-Zoro-Double-fuck-strap-on-D3800-Brian-Bonds-William-Action.mp4
D408,https://mslvideos.s3-us-west-2.amazonaws.com/D408-D409-Firm Ride-SOCIAL_720p_2800k.mp4
D409,https://mslvideos.s3-us-west-2.amazonaws.com/D408-D409-Firm Ride-SOCIAL_720p_2800k.mp4
D420,https://mslvideos.s3-us-west-2.amazonaws.com/D420DEMO-DolanPJ_720p_2800k.mp4
D420,https://mslvideos.s3-us-west-2.amazonaws.com/D420-SlinkSpikeDEMO_720p_2800k.mp4
D428,https://mslvideos.s3-us-west-2.amazonaws.com/D428_720p_2800k.mp4
D428, https://mslvideos.s3-us-west-2.amazonaws.com/D428-Pod by SquarePeg_720p_2800k.mp4
D431L, https://mslvideos.s3-us-west-2.amazonaws.com/D431_720p_2800k.mp4
D431L, https://mslvideos.s3-us-west-2.amazonaws.com/D431DEMO_720p_2800k.mp4
D431M, https://mslvideos.s3-us-west-2.amazonaws.com/D431_720p_2800k.mp4
D431M, https://mslvideos.s3-us-west-2.amazonaws.com/D431DEMO_720p_2800k.mp4
D431S, https://mslvideos.s3-us-west-2.amazonaws.com/D431_720p_2800k.mp4
D431S, https://mslvideos.s3-us-west-2.amazonaws.com/D431DEMO_720p_2800k.mp4
D431XL, https://mslvideos.s3-us-west-2.amazonaws.com/D431_720p_2800k.mp4
D431XL, https://mslvideos.s3-us-west-2.amazonaws.com/D431DEMO_720p_2800k.mp4
D431XXL, https://mslvideos.s3-us-west-2.amazonaws.com/D431_720p_2800k.mp4
D431XXL, https://mslvideos.s3-us-west-2.amazonaws.com/D431DEMO_720p_2800k.mp4
D443, https://mslvideos.s3-us-west-2.amazonaws.com/D443_720p_2800k.mp4
D444K, https://mslvideos.s3-us-west-2.amazonaws.com/D444DEMO_720p_2800k.mp4
D444Z, https://mslvideos.s3-us-west-2.amazonaws.com/D444DEMO_720p_2800k.mp4
D445, https://mslvideos.s3-us-west-2.amazonaws.com/D434-D446-D445-DEMO_720p_2800k.mp4
D475L, https://mslvideos.s3-us-west-2.amazonaws.com/D475L_720p_2800k.mp4
D475L, https://mslvideos.s3-us-west-2.amazonaws.com/D475L-ShowTailDemo_720p_2800k.mp4
D476L, https://mslvideos.s3-us-west-2.amazonaws.com/D476L-WoofyShowTailDemo_720p_2800k.mp4
D476L, https://mslvideos.s3-us-west-2.amazonaws.com/D476_720p_2800k.mp4
D514,https://mslvideos.s3-us-west-2.amazonaws.com/SQUAREPEG-EGG-RECHARGABLE-MAGIC-WAND-D514-MISC360-SOCIAL_720p_2800k.mp4
D528, https://mslvideos.s3-us-west-2.amazonaws.com/D528c_720p_2800k.mp4
D528, https://mslvideos.s3-us-west-2.amazonaws.com/D528DEMOc_720p_2800k.mp4
D564,https://mslvideos.s3-us-west-2.amazonaws.com/Pogo_720p_2800k.mp4
D564, https://mslvideos.s3-us-west-2.amazonaws.com/D564_720p_2800k.mp4
D590Z, https://mslvideos.s3-us-west-2.amazonaws.com/D536_720p_2800k.mp4
D599Z, https://mslvideos.s3-us-west-2.amazonaws.com/D599c_720p_2800k.mp4
D599Z, https://mslvideos.s3-us-west-2.amazonaws.com/MELDEMO_720p_2800k.mp4
D600, https://mslvideos.s3-us-west-2.amazonaws.com/D599b_720p_2800k.mp4
D600, https://mslvideos.s3-us-west-2.amazonaws.com/MELDEMO_720p_2800k.mp4
D601, https://mslvideos.s3-us-west-2.amazonaws.com/D599b_720p_2800k.mp4
D601, https://mslvideos.s3-us-west-2.amazonaws.com/MELDEMO_720p_2800k.mp4
D602H,https://mslvideos.s3-us-west-2.amazonaws.com/CrossbowBodyHarness-LeoDildo-CoreyJayDildoHarness-H063-D602-D353-OCT16_720p_2800k.mp4
D602H,https://mslvideos.s3-us-west-2.amazonaws.com/D602H-LeoDildoHarnessAction_720p_2800k.mp4
D602H,http://mslvideos.s3.amazonaws.com/Mr-S-Leather-Leo-Harness-dildo-flushcup-D602HG-D603HG-D604HG-D605HG-Amp-Action.mp4
D603HG,http://mslvideos.s3.amazonaws.com/Mr-S-Leather-Leo-Harness-dildo-flushcup-D602HG-D603HG-D604HG-D605HG-Amp-Action.mp4
D604HG,http://mslvideos.s3.amazonaws.com/Mr-S-Leather-Leo-Harness-dildo-flushcup-D602HG-D603HG-D604HG-D605HG-Amp-Action.mp4
D605HG,http://mslvideos.s3.amazonaws.com/Mr-S-Leather-Leo-Harness-dildo-flushcup-D602HG-D603HG-D604HG-D605HG-Amp-Action.mp4
D606HG,http://mslvideos.s3.amazonaws.com/Mr-S-Leather-mel-Harness-dildo-flushcup-D606HG-D607HG-D608HG-D609HG-brian-bonds-william-action.mp4
D606HG,http://mslvideos.s3.amazonaws.com/Mr-S-Leather-mel-Harness-dildo-flushcup-D606HG-D607HG-D608HG-D609HG-Amp-Commercial-update.mp4
D607HG,http://mslvideos.s3.amazonaws.com/Mr-S-Leather-mel-Harness-dildo-flushcup-D606HG-D607HG-D608HG-D609HG-brian-bonds-william-action.mp4
D607HG,http://mslvideos.s3.amazonaws.com/Mr-S-Leather-mel-Harness-dildo-flushcup-D606HG-D607HG-D608HG-D609HG-Amp-Commercial-update.mp4
D608HG,http://mslvideos.s3.amazonaws.com/Mr-S-Leather-mel-Harness-dildo-flushcup-D606HG-D607HG-D608HG-D609HG-brian-bonds-william-action.mp4
D608HG,http://mslvideos.s3.amazonaws.com/Mr-S-Leather-mel-Harness-dildo-flushcup-D606HG-D607HG-D608HG-D609HG-Amp-Commercial-update.mp4
D609HG,http://mslvideos.s3.amazonaws.com/Mr-S-Leather-mel-Harness-dildo-flushcup-D606HG-D607HG-D608HG-D609HG-brian-bonds-william-action.mp4
D609HG,http://mslvideos.s3.amazonaws.com/Mr-S-Leather-mel-Harness-dildo-flushcup-D606HG-D607HG-D608HG-D609HG-Amp-Commercial-update.mp4
D7000G,http://mslvideos.s3.amazonaws.com/D7000-Slink-Vortex-Square-Peg-Mr%20S%20Leather%20Derek%20Parker.mp4
D7000G,http://mslvideos.s3.amazonaws.com/D7000G_D7000Z__slink_vortex_butt_toy_silicone_amp_commercial_squarepeg_toys.mp4
D7000Z,http://mslvideos.s3.amazonaws.com/D7000-Slink-Vortex-Square-Peg-Mr%20S%20Leather%20Derek%20Parker.mp4
D7000Z,http://mslvideos.s3.amazonaws.com/D7000G_D7000Z__slink_vortex_butt_toy_silicone_amp_commercial_squarepeg_toys.mp4
D737, https://mslvideos.s3-us-west-2.amazonaws.com/D737_720p_2800k.mp4
D737,https://mslvideos.s3-us-west-2.amazonaws.com/D737DEMO_720p_2800k.mp4
D8105,http://mslvideos.s3.amazonaws.com/Mr-S-Leather-Revo-slim-D8105-amp-commercial.mp4
E046, https://mslvideos.s3-us-west-2.amazonaws.com/E046_720p_2800k.mp4
E053, https://mslvideos.s3-us-west-2.amazonaws.com/E053DEMO_720p_2800k.mp4
E054, https://mslvideos.s3-us-west-2.amazonaws.com/E054DEMO_720p_2800k.mp4
E055, https://mslvideos.s3-us-west-2.amazonaws.com/E055-SebastianKeys-Eric_720p_2800k.mp4
E055,https://mslvideos.s3-us-west-2.amazonaws.com/E055DEMO_720p_2800k.mp4
E056, https://mslvideos.s3-us-west-2.amazonaws.com/E056_720p_2800k.mp4
E056, https://mslvideos.s3-us-west-2.amazonaws.com/E056DEMO_720p_2800k.mp4
E058K, https://mslvideos.s3-us-west-2.amazonaws.com/E058_720p_2800k.mp4
E058K,https://mslvideos.s3-us-west-2.amazonaws.com/E058K-Silicone-E-StimVibe-SOCIAL_720p_2800k.mp4
E120,http://mslvideos.s3.amazonaws.com/Mr-S-Leather-E-Bead-Bi-Polar-Electrode-Amp-E120-Commercial.mp4
E201,https://mslvideos.s3-us-west-2.amazonaws.com/DIrkCaberAndMaxCameron-CockLock_720p_2800k.mp4
E201, https://mslvideos.s3-us-west-2.amazonaws.com/E201-DEMO_720p_2800k.mp4
E202, https://mslvideos.s3-us-west-2.amazonaws.com/E202_720p_2800k.mp4
E202, https://mslvideos.s3-us-west-2.amazonaws.com/E202-DEMO_720p_2800k.mp4
E232, https://mslvideos.s3-us-west-2.amazonaws.com/D260EandE232_720p_2800k.mp4
E302R, https://mslvideos.s3-us-west-2.amazonaws.com/E302R_720p_2800k.mp4
E8500,http://mslvideos.s3.amazonaws.com/Mr-S-Leather-estim-systems-toys-Amp-Commercial.mp4
E8501,http://mslvideos.s3.amazonaws.com/Mr-S-Leather-E-Stim-Power-Box-Blue-Bailey-David-E8501-Action.mp4
E8501,http://mslvideos.s3.amazonaws.com/Mr-S-Leather-E-Stim-Power-Box-Blue-Bailey-David-E8501-Action2.mp4
E8501,http://mslvideos.s3.amazonaws.com/Mr-S-Leather-estim-2b-power-box-e8501-Amp-Commercial.mp4
E8502,http://mslvideos.s3.amazonaws.com/Mr-S-Leather-estim-2b-power-box-accessories-e8502-Amp-Commercial.mp4
E8503,http://mslvideos.s3.amazonaws.com/Mr-S-Leather-E-Stim-Bi-polar-egg-Blue-Bailey-David-E8503-E8504-Action2.mp4
E8503,http://mslvideos.s3.amazonaws.com/Mr-S-Leather-estim-systems-toys-Amp-Commercial.mp4
E8504,http://mslvideos.s3.amazonaws.com/Mr-S-Leather-E-Stim-Bi-polar-egg-Blue-Bailey-David-E8503-E8504-Action2.mp4
E8504,http://mslvideos.s3.amazonaws.com/Mr-S-Leather-estim-systems-toys-Amp-Commercial.mp4
E8506,http://mslvideos.s3.amazonaws.com/Mr-S-Leather-estim-systems-toys-Amp-Commercial.mp4
E8510,http://mslvideos.s3.amazonaws.com/Mr-S-Leather-E-Stim-Torpedo-Blue-Bailey-David-E8510-E8511-E8512-Action.mp4
E8510,http://mslvideos.s3.amazonaws.com/Mr-S-Leather-estim-systems-toys-Amp-Commercial.mp4
E8511,http://mslvideos.s3.amazonaws.com/Mr-S-Leather-E-Stim-Torpedo-Blue-Bailey-David-E8510-E8511-E8512-Action.mp4
E8511,http://mslvideos.s3.amazonaws.com/Mr-S-Leather-estim-systems-toys-Amp-Commercial.mp4
E8512,http://mslvideos.s3.amazonaws.com/Mr-S-Leather-E-Stim-Torpedo-Blue-Bailey-David-E8510-E8511-E8512-Action.mp4
E8512,http://mslvideos.s3.amazonaws.com/Mr-S-Leather-estim-systems-toys-Amp-Commercial.mp4
EM060M, https://mslvideos.s3-us-west-2.amazonaws.com/EM060E_720p_2800k.mp4
EM060M, https://mslvideos.s3-us-west-2.amazonaws.com/EM060DEMO_720p_2800k.mp4
EM080E, https://mslvideos.s3-us-west-2.amazonaws.com/EM080E_720p_2800k.mp4
EM080E, https://mslvideos.s3-us-west-2.amazonaws.com/EM080DEMO_720p_2800k.mp4
EM080M, https://mslvideos.s3-us-west-2.amazonaws.com/EM080M_720p_2800k.mp4
EM080M, https://mslvideos.s3-us-west-2.amazonaws.com/EM080DEMO_720p_2800k.mp4
EM140, https://mslvideos.s3-us-west-2.amazonaws.com/EM140DEMO_720p_2800k.mp4
EM2150,http://mslvideos.s3.amazonaws.com/Mr-S-Leather-Electrical-rubber-loops-Amp-Commercial-EM2150.mp4
EM2151,http://mslvideos.s3.amazonaws.com/Mr-S-Leather-Metal-Cock-Loops-Amp-Commercial-EM2151.mp4
EM2175,https://mslvideos.s3-us-west-2.amazonaws.com/EM2175-SebastianKeys-Eric_720p_2800k.mp4
EM2175,https://mslvideos.s3-us-west-2.amazonaws.com/EM2175_720p_2800k.mp4
EM2187,https://mslvideos.s3-us-west-2.amazonaws.com/EM2186-Commercial-Mar2017_720p_2800k.mp4
EM2188, https://mslvideos.s3-us-west-2.amazonaws.com/EM2188_720p_2800k.mp4
EM2188,http://mslvideos.s3.amazonaws.com/Mr-S-Leather-Tadpole-Amp-Commercial-EM2188.mp4
EM2190, https://mslvideos.s3-us-west-2.amazonaws.com/EM2190-a_720p_2800k.mp4
EM2190,http://mslvideos.s3.amazonaws.com/Mr-S-Leather-Electric-butt-plug-Amp-Commercial-EM2190-2191-2192.mp4
EM2195, https://mslvideos.s3-us-west-2.amazonaws.com/ElectroButtPlug2_1_720p_2800k.mp4
EM2195,http://mslvideos.s3.amazonaws.com/Mr-S-Leather-Metal-Electro-Butt-Plug-Medium-Midi-Amp-Commercial-EM2195.mp4
EM3102, https://mslvideos.s3-us-west-2.amazonaws.com/EM3102video_720p_2800k.mp4
EM3102,http://mslvideos.s3.amazonaws.com/Mr-S-Leather-Silicone-Bi-polar-dildo-ovid-Amp-Commercial-EM3102.mp4
EM3104, https://mslvideos.s3-us-west-2.amazonaws.com/EM3104video-redux_720p_2800k.mp4
EM3105, https://mslvideos.s3-us-west-2.amazonaws.com/EM3105_720p_2800k.mp4
EM3105, https://mslvideos.s3-us-west-2.amazonaws.com/EM3105-DEMO-B_720p_2800k.mp4
EM3120,https://mslvideos.s3-us-west-2.amazonaws.com/EM3120-SebastianKeys-Eric_720p_2800k.mp4
EM3156,https://mslvideos.s3-us-west-2.amazonaws.com/PRESTIGE-ELECTRALOOPS-EM3156_720p_2800k.mp4
EM3156,http://mslvideos.s3.amazonaws.com/Mr-S-Leather-Prestige-Electraloops-Amp-EM3156-Commercial.mp4
ET312, https://mslvideos.s3-us-west-2.amazonaws.com/ET312-A_720p_2800k.mp4
ET312,https://mslvideos.s3-us-west-2.amazonaws.com/ET312_720p_2800k.mp4
FG101B,https://mslvideos.s3-us-west-2.amazonaws.com/CB176-ACTION-JUL2016_720p_2800k.mp4
FG101B,https://mslvideos.s3-us-west-2.amazonaws.com/QuickPullBondageStraps-JUL2016_720p_2800k.mp4
FG101B, https://mslvideos.s3-us-west-2.amazonaws.com/CB176-ACTION-JUL2016_720p_2800k.mp4
FG101B,http://mslvideos.s3.amazonaws.com/FUCKGEAR_FG101_FG102_FG103_FG104_FG105_FG106_MSL045_jock_brief_amp_fuck_gear_commercial.mp4
FG101K,http://mslvideos.s3.amazonaws.com/FUCKGEAR_FG101_FG102_FG103_FG104_FG105_FG106_MSL045_jock_brief_amp_fuck_gear_commercial.mp4
FG101R,https://mslvideos.s3-us-west-2.amazonaws.com/CB176-ACTION-JUL2016_720p_2800k.mp4
FG101R,https://mslvideos.s3-us-west-2.amazonaws.com/QuickPullBondageStraps-JUL2016_720p_2800k.mp4
FG101R, https://mslvideos.s3-us-west-2.amazonaws.com/CB176-ACTION-JUL2016_720p_2800k.mp4
FG101R,http://mslvideos.s3.amazonaws.com/FUCKGEAR_FG101_FG102_FG103_FG104_FG105_FG106_MSL045_jock_brief_amp_fuck_gear_commercial.mp4
FG101W,https://mslvideos.s3-us-west-2.amazonaws.com/QuickPullBondageStraps-JUL2016_720p_2800k.mp4
FG101W,https://mslvideos.s3-us-west-2.amazonaws.com/CB176-ACTION-JUL2016_720p_2800k.mp4
FG101W,http://mslvideos.s3.amazonaws.com/FUCKGEAR_FG101_FG102_FG103_FG104_FG105_FG106_MSL045_jock_brief_amp_fuck_gear_commercial.mp4
FG101Y,http://mslvideos.s3.amazonaws.com/FUCKGEAR_FG101_FG102_FG103_FG104_FG105_FG106_MSL045_jock_brief_amp_fuck_gear_commercial.mp4
FG102B,http://mslvideos.s3.amazonaws.com/FUCKGEAR_FG101_FG102_FG103_FG104_FG105_FG106_MSL045_jock_brief_amp_fuck_gear_commercial.mp4
FG102K,http://mslvideos.s3.amazonaws.com/FUCKGEAR_FG101_FG102_FG103_FG104_FG105_FG106_MSL045_jock_brief_amp_fuck_gear_commercial.mp4
FG102R,http://mslvideos.s3.amazonaws.com/FUCKGEAR_FG101_FG102_FG103_FG104_FG105_FG106_MSL045_jock_brief_amp_fuck_gear_commercial.mp4
FG102W,http://mslvideos.s3.amazonaws.com/FUCKGEAR_FG101_FG102_FG103_FG104_FG105_FG106_MSL045_jock_brief_amp_fuck_gear_commercial.mp4
FG102Y,http://mslvideos.s3.amazonaws.com/FUCKGEAR_FG101_FG102_FG103_FG104_FG105_FG106_MSL045_jock_brief_amp_fuck_gear_commercial.mp4
FG103B,http://mslvideos.s3.amazonaws.com/FUCKGEAR_FG101_FG102_FG103_FG104_FG105_FG106_MSL045_jock_brief_amp_fuck_gear_commercial.mp4
FG103K,http://mslvideos.s3.amazonaws.com/FUCKGEAR_FG101_FG102_FG103_FG104_FG105_FG106_MSL045_jock_brief_amp_fuck_gear_commercial.mp4
FG103R,http://mslvideos.s3.amazonaws.com/FUCKGEAR_FG101_FG102_FG103_FG104_FG105_FG106_MSL045_jock_brief_amp_fuck_gear_commercial.mp4
FG103W,http://mslvideos.s3.amazonaws.com/FUCKGEAR_FG101_FG102_FG103_FG104_FG105_FG106_MSL045_jock_brief_amp_fuck_gear_commercial.mp4
FG103Y,http://mslvideos.s3.amazonaws.com/FUCKGEAR_FG101_FG102_FG103_FG104_FG105_FG106_MSL045_jock_brief_amp_fuck_gear_commercial.mp4
FG104K,http://mslvideos.s3.amazonaws.com/FUCKGEAR_FG101_FG102_FG103_FG104_FG105_FG106_MSL045_jock_brief_amp_fuck_gear_commercial.mp4
FG105,http://mslvideos.s3.amazonaws.com/FUCKGEAR_FG101_FG102_FG103_FG104_FG105_FG106_MSL045_jock_brief_amp_fuck_gear_commercial.mp4
FG106B,http://mslvideos.s3.amazonaws.com/FUCKGEAR_FG101_FG102_FG103_FG104_FG105_FG106_MSL045_jock_brief_amp_fuck_gear_commercial.mp4
FG106K,http://mslvideos.s3.amazonaws.com/FUCKGEAR_FG101_FG102_FG103_FG104_FG105_FG106_MSL045_jock_brief_amp_fuck_gear_commercial.mp4
FG106R,http://mslvideos.s3.amazonaws.com/FUCKGEAR_FG101_FG102_FG103_FG104_FG105_FG106_MSL045_jock_brief_amp_fuck_gear_commercial.mp4
FG106W,http://mslvideos.s3.amazonaws.com/FUCKGEAR_FG101_FG102_FG103_FG104_FG105_FG106_MSL045_jock_brief_amp_fuck_gear_commercial.mp4
FG106Y,http://mslvideos.s3.amazonaws.com/FUCKGEAR_FG101_FG102_FG103_FG104_FG105_FG106_MSL045_jock_brief_amp_fuck_gear_commercial.mp4
FM001,https://mslvideos.s3-us-west-2.amazonaws.com/FM001-SL081-SL060-FuckMachine_720p_2800k.mp4
FM001,https://mslvideos.s3-us-west-2.amazonaws.com/ANAL_ASSAULT_FL8_480x270_Widescreen_720p_2800k.mp4
FM001, https://mslvideos.s3-us-west-2.amazonaws.com/manjack_720p_2800k.mp4
FM0020,https://mslvideos.s3-us-west-2.amazonaws.com/manjack_720p_2800k.mp4
FM0020, https://mslvideos.s3-us-west-2.amazonaws.com/manjack_720p_2800k.mp4
H016B,https://mslvideos.s3-us-west-2.amazonaws.com/H016_720p_2800k.mp4
H016B, https://mslvideos.s3-us-west-2.amazonaws.com/H016_720p_2800k.mp4
H018B,https://mslvideos.s3-us-west-2.amazonaws.com/HowToMeasure-ChestHarness_720p_2800k.mp4
H018C,https://mslvideos.s3-us-west-2.amazonaws.com/HowToMeasure-ChestHarness_720p_2800k.mp4
H018G,https://mslvideos.s3-us-west-2.amazonaws.com/HowToMeasure-ChestHarness_720p_2800k.mp4
H018K,https://mslvideos.s3-us-west-2.amazonaws.com/HowToMeasure-ChestHarness_720p_2800k.mp4
H018R,https://mslvideos.s3-us-west-2.amazonaws.com/HowToMeasure-ChestHarness_720p_2800k.mp4
H018Y,https://mslvideos.s3-us-west-2.amazonaws.com/HowToMeasure-ChestHarness_720p_2800k.mp4
H020,https://mslvideos.s3-us-west-2.amazonaws.com/HowToMeasure-ChestHarness_720p_2800k.mp4
H021,https://mslvideos.s3-us-west-2.amazonaws.com/HowToMeasure-ChestHarness_720p_2800k.mp4
H021C,https://mslvideos.s3-us-west-2.amazonaws.com/HowToMeasure-BulldogCockstrap_720p_2800k.mp4
H021CB,https://mslvideos.s3-us-west-2.amazonaws.com/HowToMeasure-BulldogCockstrap_720p_2800k.mp4
H021CP,https://mslvideos.s3-us-west-2.amazonaws.com/HowToMeasure-BulldogCockstrap_720p_2800k.mp4
H021P,https://mslvideos.s3-us-west-2.amazonaws.com/HowToMeasure-BulldogCockstrap_720p_2800k.mp4
H021PB,https://mslvideos.s3-us-west-2.amazonaws.com/HowToMeasure-ChestHarness_720p_2800k.mp4
H026,https://mslvideos.s3-us-west-2.amazonaws.com/HotToMeasureHunterCockstrap_720p_2800k.mp4
H026B,https://mslvideos.s3-us-west-2.amazonaws.com/HotToMeasureHunterCockstrap_720p_2800k.mp4
H026C,https://mslvideos.s3-us-west-2.amazonaws.com/HotToMeasureHunterCockstrap_720p_2800k.mp4
H026PB,https://mslvideos.s3-us-west-2.amazonaws.com/HotToMeasureHunterCockstrap_720p_2800k.mp4
H026PR,https://mslvideos.s3-us-west-2.amazonaws.com/HotToMeasureHunterCockstrap_720p_2800k.mp4
H026PW,https://mslvideos.s3-us-west-2.amazonaws.com/HotToMeasureHunterCockstrap_720p_2800k.mp4
H026PY,https://mslvideos.s3-us-west-2.amazonaws.com/HotToMeasureHunterCockstrap_720p_2800k.mp4
H034,https://mslvideos.s3-us-west-2.amazonaws.com/HowToMeasure-ChestHarness_720p_2800k.mp4
H044BW,https://mslvideos.s3-us-west-2.amazonaws.com/HowToMeasure-ChestHarness_720p_2800k.mp4
H044BY,https://mslvideos.s3-us-west-2.amazonaws.com/HowToMeasure-ChestHarness_720p_2800k.mp4
H044CB,https://mslvideos.s3-us-west-2.amazonaws.com/HowToMeasure-ChestHarness_720p_2800k.mp4
H044CO,https://mslvideos.s3-us-west-2.amazonaws.com/HowToMeasure-ChestHarness_720p_2800k.mp4
H044RW,https://mslvideos.s3-us-west-2.amazonaws.com/HowToMeasure-ChestHarness_720p_2800k.mp4
H044RY,https://mslvideos.s3-us-west-2.amazonaws.com/HowToMeasure-ChestHarness_720p_2800k.mp4
H046,https://mslvideos.s3-us-west-2.amazonaws.com/HowToMeasure-ChestHarness_720p_2800k.mp4
H050,https://mslvideos.s3-us-west-2.amazonaws.com/H050-DEMO_720p_2800k.mp4
H050, https://mslvideos.s3-us-west-2.amazonaws.com/H050-DEMO_720p_2800k.mp4
H052,https://mslvideos.s3-us-west-2.amazonaws.com/H052-DEMO_720p_2800k.mp4
H053,https://mslvideos.s3-us-west-2.amazonaws.com/H053-DEMO_720p_2800k.mp4
H053, https://mslvideos.s3-us-west-2.amazonaws.com/H053-DEMO_720p_2800k.mp4
H055,https://mslvideos.s3-us-west-2.amazonaws.com/H055-UtilityBeltTriplePouch-Nov16_720p_2800k.mp4
H063,https://mslvideos.s3-us-west-2.amazonaws.com/CrossbowBodyHarness-LeoDildo-CoreyJayDildoHarness-H063-D602-D353-OCT16_720p_2800k.mp4
H063,https://mslvideos.s3-us-west-2.amazonaws.com/HowToMeasure-ChestHarness_720p_2800k.mp4
H063B,https://mslvideos.s3-us-west-2.amazonaws.com/CrossbowBodyHarness-LeoDildo-CoreyJayDildoHarness-H063-D602-D353-OCT16_720p_2800k.mp4
H063B,https://mslvideos.s3-us-west-2.amazonaws.com/HowToMeasure-ChestHarness_720p_2800k.mp4
H063C,https://mslvideos.s3-us-west-2.amazonaws.com/CrossbowBodyHarness-LeoDildo-CoreyJayDildoHarness-H063-D602-D353-OCT16_720p_2800k.mp4
H063C,https://mslvideos.s3-us-west-2.amazonaws.com/HowToMeasure-CrossbowBodyCockstrap_720p_2800k.mp4
H063P,https://mslvideos.s3-us-west-2.amazonaws.com/CrossbowBodyHarness-LeoDildo-CoreyJayDildoHarness-H063-D602-D353-OCT16_720p_2800k.mp4
H063P,https://mslvideos.s3-us-west-2.amazonaws.com/HowToMeasure-ChestHarness_720p_2800k.mp4
H064,https://mslvideos.s3-us-west-2.amazonaws.com/H064-NearNakedHarnessPouch-COMMERCIAL-Sept16_720p_2800k.mp4
H16,https://mslvideos.s3-us-west-2.amazonaws.com/H016_720p_2800k.mp4
H16, https://mslvideos.s3-us-west-2.amazonaws.com/H016_720p_2800k.mp4
HT002,https://mslvideos.s3-us-west-2.amazonaws.com/SL148-HT002_720p_2800k.mp4
HT006NE,https://mslvideos.s3-us-west-2.amazonaws.com/DOLANWOLFnBRIANBONDS-2_720p_2800k.mp4
HT006OE,https://mslvideos.s3-us-west-2.amazonaws.com/DOLANWOLFnBRIANBONDS-2_720p_2800k.mp4
HT009S3,https://mslvideos.s3-us-west-2.amazonaws.com/AssHook-TylerRush-ChrisBurke_720p_2800k.mp4
HT014,https://mslvideos.s3-us-west-2.amazonaws.com/HT014-FettersStrapFaceCage_720p_2800k.mp4
HT014,https://mslvideos.s3-us-west-2.amazonaws.com/VectorAndFuckBench-HT014-WS010-SJ016-May16-XXX_720p_2800k.mp4
HT015,http://mslvideos.s3.amazonaws.com/Mr-S-Leather-Savage-hood-HT015-Arrow-Action.mp4
HT015,http://mslvideos.s3.amazonaws.com/Mr-S-Leather-SavageHood-Arrow-William-HT015-Action.mp4
HT015,http://mslvideos.s3.amazonaws.com/Mr-S-Leather-Savage-sucks-hood-HT015O-HT015OC-Amp-Commercial-2.mp4
HT015OC,http://mslvideos.s3.amazonaws.com/Mr-S-Leather-SavageSucks-Arrow-William-HT015C-Action.mp4
HT015OC,http://mslvideos.s3.amazonaws.com/Mr-S-Leather-Savage-sucks-hood-HT015O-HT015OC-Amp-Commercial-2.mp4
HT016,https://mslvideos.s3-us-west-2.amazonaws.com/BondageFuck-HT016-S5-Padset4_720p_2800k.mp4
HT016,http://mslvideos.s3.amazonaws.com/Mr-S-Leather-Bishop-Head-Harness-HT016-Commercial.mp4
HT019,https://mslvideos.s3-us-west-2.amazonaws.com/GASMASK-TylerRush-ChrisBurke_720p_2800k.mp4
HT040,https://mslvideos.s3-us-west-2.amazonaws.com/BRIANBONDSandCONNORPATRICS-CumShots_720p_2800k.mp4
HT040,http://mslvideos.s3.amazonaws.com/Mr-S-Leather-Fetters-Padded-Blindfold-Dolan-PJ-HT040-Commercial.mp4
HT042,https://mslvideos.s3-us-west-2.amazonaws.com/AssHook-TylerRush-ChrisBurke_720p_2800k.mp4
HT042,https://mslvideos.s3-us-west-2.amazonaws.com/HT042-DEMO_720p_2800k.mp4
HT048,https://mslvideos.s3-us-west-2.amazonaws.com/HT048-DEMO_720p_2800k.mp4
HT049,https://mslvideos.s3-us-west-2.amazonaws.com/D076_HT075_HT049_D564_NOV16_720p_2800k.mp4
HT064,https://mslvideos.s3-us-west-2.amazonaws.com/DIrkCaberAndMaxCameron-HangingStrapCage_720p_2800k.mp4
HT064,https://mslvideos.s3-us-west-2.amazonaws.com/HT064_AMP_ULTRA_BLINDFOLD_PADDED_LEATHER_VIDEO_720p_2800k.mp4
HT065,https://mslvideos.s3-us-west-2.amazonaws.com/DIrkCaberAndMaxCameron-HangingStrapCage_720p_2800k.mp4
HT068A,https://mslvideos.s3-us-west-2.amazonaws.com/HT068A-DEMO_720p_2800k.mp4
HT069,https://mslvideos.s3-us-west-2.amazonaws.com/HT069-DEMO_720p_2800k.mp4
HT072,https://mslvideos.s3-us-west-2.amazonaws.com/HT072_720p_2800k.mp4
HT075,https://mslvideos.s3-us-west-2.amazonaws.com/D076_HT075_HT049_D564_NOV16_720p_2800k.mp4
HT080,https://mslvideos.s3-us-west-2.amazonaws.com/CBT-HT080-CB104-TT308-TY1-TY29-OCT16_720p_2800k.mp4
HT081,http://mslvideos.s3.amazonaws.com/Mr-S-Leather-Breath-Control-Deluxe-Tight-Hood-HT081-Commercial.mp4
HT082,https://mslvideos.s3-us-west-2.amazonaws.com/DOLANWOLFnBRIANBONDS-1_720p_2800k.mp4
HT082,http://mslvideos.s3.amazonaws.com/Mr-S-Leather-Puffy-Hood-HT082-Commercial.mp4
HT089,https://mslvideos.s3-us-west-2.amazonaws.com/HT089SpyderGag_720p_2800k.mp4
HT100,https://mslvideos.s3-us-west-2.amazonaws.com/HT100_720p_2800k.mp4
HT212G,https://mslvideos.s3-us-west-2.amazonaws.com/PuppyCage-HT212-G&W-SL038-Misc037_720p_2800k.mp4
HT212G,https://mslvideos.s3-us-west-2.amazonaws.com/HT212DEMO-PJ-AMP_720p_2800k.mp4
HT212W,https://mslvideos.s3-us-west-2.amazonaws.com/PuppyCage-HT212-G&W-SL038-Misc037_720p_2800k.mp4
HT212W,https://mslvideos.s3-us-west-2.amazonaws.com/HT212DEMO-PJ-AMP_720p_2800k.mp4
HT223,https://mslvideos.s3-us-west-2.amazonaws.com/HT223_720p_2800k.mp4
HT240,http://mslvideos.s3.amazonaws.com/Mr-S-Leather-Asylum-Muzzle-Hood-HT242-HT240-Commerial.mp4
HT242,https://mslvideos.s3-us-west-2.amazonaws.com/HT242-20131018_720p_2800k.mp4
HT242,http://mslvideos.s3.amazonaws.com/Mr-S-Leather-Asylum-Muzzle-Hood-HT242-HT240-Commerial.mp4
HT256,https://mslvideos.s3-us-west-2.amazonaws.com/HT256-ScreamHoodHandsinFront-MAY16_720p_2800k.mp4
HT256,https://mslvideos.s3-us-west-2.amazonaws.com/HT256 -ScreamHoodOn-MAY16_720p_2800k.mp4
HT256,https://mslvideos.s3-us-west-2.amazonaws.com/HT256-Commercial-May16-SocialMedia_720p_2800k.mp4
HT256,https://mslvideos.s3-us-west-2.amazonaws.com/HT256-Commercial-HandInFront-May16-XXX_720p_2800k.mp4
HT300,https://mslvideos.s3-us-west-2.amazonaws.com/HT300-DEMO_720p_2800k.mp4
HW001,https://mslvideos.s3-us-west-2.amazonaws.com/HW001a_720p_2800k.mp4
HW001,https://mslvideos.s3-us-west-2.amazonaws.com/Ice Lock_720p_2800k.mp4
L043,https://mslvideos.s3-us-west-2.amazonaws.com/L043DEMO_720p_2800k.mp4
L056B,https://mslvideos.s3-us-west-2.amazonaws.com/L056_720p_2800k.mp4
L056G,https://mslvideos.s3-us-west-2.amazonaws.com/L056_720p_2800k.mp4
L056K,https://mslvideos.s3-us-west-2.amazonaws.com/L056_720p_2800k.mp4
L056R,https://mslvideos.s3-us-west-2.amazonaws.com/L056_720p_2800k.mp4
L056Y,https://mslvideos.s3-us-west-2.amazonaws.com/L056_720p_2800k.mp4
L064,https://mslvideos.s3-us-west-2.amazonaws.com/DIrkCaberAndMaxCameron-CockLock_720p_2800k.mp4
L064,https://mslvideos.s3-us-west-2.amazonaws.com/DIrkCaberAndMaxCameron-HangingStrapCage_720p_2800k.mp4
L110P,https://mslvideos.s3-us-west-2.amazonaws.com/GASMASK-TylerRush-ChrisBurke_720p_2800k.mp4
L321DX,https://mslvideos.s3-us-west-2.amazonaws.com/L321DX-Cyll&Dolan_720p_2800k.mp4
LR431W,https://mslvideos.s3-us-west-2.amazonaws.com/LR431-MSL073-JAN17_720p_2800k.mp4
LR431Y,https://mslvideos.s3-us-west-2.amazonaws.com/LR431-MSL073-JAN17_720p_2800k.mp4
M014,https://mslvideos.s3-us-west-2.amazonaws.com/M014-0_720p_2800k.mp4
M014,https://mslvideos.s3-us-west-2.amazonaws.com/m014-silicone-sounds_720p_2800k.mp4
M041,https://mslvideos.s3-us-west-2.amazonaws.com/M041_720p_2800k.mp4
M110,https://mslvideos.s3-us-west-2.amazonaws.com/M110-Skwert-Social-Sept16_720p_2800k.mp4
M121,https://mslvideos.s3-us-west-2.amazonaws.com/M121DEMO_720p_2800k.mp4
M122,https://mslvideos.s3-us-west-2.amazonaws.com/M122DEMO_720p_2800k.mp4
M124,https://mslvideos.s3-us-west-2.amazonaws.com/M124-M125DEMO_720p_2800k.mp4
M125,https://mslvideos.s3-us-west-2.amazonaws.com/M124-M125DEMO_720p_2800k.mp4
M8300,http://mslvideos.s3.amazonaws.com/Mr-S-Leather-skwert-lube-injector-M8300-Amp-Commercial.mp4
MISC005,https://mslvideos.s3-us-west-2.amazonaws.com/VIVISHINE_720p_2800k.mp4
MISC037,https://mslvideos.s3-us-west-2.amazonaws.com/PuppyCage-HT212-G&W-SL038-Misc037_720p_2800k.mp4
MISC098,https://mslvideos.s3-us-west-2.amazonaws.com/MISC098DEMO_720p_2800k.mp4
MISC099,https://mslvideos.s3-us-west-2.amazonaws.com/MISC099_720p_2800k.mp4
MISC099,https://mslvideos.s3-us-west-2.amazonaws.com/MISC099demo_720p_2800k.mp4
MISC221,https://mslvideos.s3-us-west-2.amazonaws.com/MISC221_720p_2800k.mp4
MISC225,http://mslvideos.s3.amazonaws.com/Mr-S-Leather-Paw-Square-PJ-MISC225-Commercial.mp4
MISC261,https://mslvideos.s3-us-west-2.amazonaws.com/clothes - ass hook and choke collar-MISC261_MSL067B_NEO327B_D093_SL093K_NEO4028_720p_2800k.mp4
MISC261,https://mslvideos.s3-us-west-2.amazonaws.com/MISC261-PJ-AMP_720p_2800k.mp4
MISC265,https://mslvideos.s3-us-west-2.amazonaws.com/PUPPY-TylerRush-ChrisBurke_720p_2800k.mp4
MISC282,https://mslvideos.s3-us-west-2.amazonaws.com/MISC282_720p_2800k.mp4
MISC301,https://mslvideos.s3-us-west-2.amazonaws.com/DOLANWOLFnBRIANBONDS-1_720p_2800k.mp4
MISC301,https://mslvideos.s3-us-west-2.amazonaws.com/DOLANWOLFnBRIANBONDS-2_720p_2800k.mp4
MISC301,https://mslvideos.s3-us-west-2.amazonaws.com/DOLANWOLFnBRIANBONDS-3_720p_2800k.mp4
MISC360,https://mslvideos.s3-us-west-2.amazonaws.com/MISC360-SEPT2016_720p_2800k.mp4
MISC360,https://mslvideos.s3-us-west-2.amazonaws.com/TY095-MISC360HempRopeRed-50x8mm$MagicWandCordless-Sep16_720p_2800k.mp4
MISC360,https://mslvideos.s3-us-west-2.amazonaws.com/MISC360-SOCIAL-SEPT2016_720p_2800k.mp4
MISC4100,http://mslvideos.s3.amazonaws.com/Mr-S-Leather-Shower Shot-Hose-Holster-MISC4100-Amp-Commercial.mp4
MISC515,https://mslvideos.s3-us-west-2.amazonaws.com/DOLANWOLFnBRIANBONDS-1_720p_2800k.mp4
MISC515,https://mslvideos.s3-us-west-2.amazonaws.com/DOLANWOLFnBRIANBONDS-3_720p_2800k.mp4
MSL045B,https://mslvideos.s3-us-west-2.amazonaws.com/MSL045_720p_2800k.mp4
MSL045B,http://mslvideos.s3.amazonaws.com/FUCKGEAR_FG101_FG102_FG103_FG104_FG105_FG106_MSL045_jock_brief_amp_fuck_gear_commercial.mp4
MSL045R,https://mslvideos.s3-us-west-2.amazonaws.com/MSL045_720p_2800k.mp4
MSL045R,http://mslvideos.s3.amazonaws.com/FUCKGEAR_FG101_FG102_FG103_FG104_FG105_FG106_MSL045_jock_brief_amp_fuck_gear_commercial.mp4
MSL045Y,https://mslvideos.s3-us-west-2.amazonaws.com/MSL045_720p_2800k.mp4
MSL045Y,http://mslvideos.s3.amazonaws.com/FUCKGEAR_FG101_FG102_FG103_FG104_FG105_FG106_MSL045_jock_brief_amp_fuck_gear_commercial.mp4
MSL064B,https://mslvideos.s3-us-west-2.amazonaws.com/clothes-NP8103R_NEO403_LR415R_NEO106R_MSL064R-OCT16_720p_2800k.mp4
MSL064W,https://mslvideos.s3-us-west-2.amazonaws.com/clothes-NP8103R_NEO403_LR415R_NEO106R_MSL064R-OCT16_720p_2800k.mp4
MSL064Y,https://mslvideos.s3-us-west-2.amazonaws.com/clothes-NP8103R_NEO403_LR415R_NEO106R_MSL064R-OCT16_720p_2800k.mp4
MSL074B,https://mslvideos.s3-us-west-2.amazonaws.com/MSL074_trooper_rollover_sock_amp_video_kneehigh_720p_2800k.mp4
MSL074R,https://mslvideos.s3-us-west-2.amazonaws.com/MSL074_trooper_rollover_sock_amp_video_kneehigh_720p_2800k.mp4
MSL074W,https://mslvideos.s3-us-west-2.amazonaws.com/MSL074_trooper_rollover_sock_amp_video_kneehigh_720p_2800k.mp4
MSL074Y,https://mslvideos.s3-us-west-2.amazonaws.com/MSL074_trooper_rollover_sock_amp_video_kneehigh_720p_2800k.mp4
MSL078B,http://mslvideos.s3.amazonaws.com/Mr-S-Leather-Striker-Singlet-MSL078B-Amp-Michael-Tempesta-Jack-Vidra-action-SD.mp4
MSL078K,http://mslvideos.s3.amazonaws.com/Mr-S-Leather-Striker-Singlet-MSL078B-Amp-Michael-Tempesta-Jack-Vidra-action-SD.mp4
MSL078R,http://mslvideos.s3.amazonaws.com/Mr-S-Leather-Striker-Singlet-MSL078B-Amp-Michael-Tempesta-Jack-Vidra-action-SD.mp4
MSL078W,http://mslvideos.s3.amazonaws.com/Mr-S-Leather-Striker-Singlet-MSL078B-Amp-Michael-Tempesta-Jack-Vidra-action-SD.mp4
NEO106B,https://mslvideos.s3-us-west-2.amazonaws.com/clothes-NP8103R_NEO403_LR415R_NEO106R_MSL064R-OCT16_720p_2800k.mp4
NEO106K,https://mslvideos.s3-us-west-2.amazonaws.com/clothes-NP8103R_NEO403_LR415R_NEO106R_MSL064R-OCT16_720p_2800k.mp4
NEO106R,https://mslvideos.s3-us-west-2.amazonaws.com/clothes-NP8103R_NEO403_LR415R_NEO106R_MSL064R-OCT16_720p_2800k.mp4
NEO106Y,https://mslvideos.s3-us-west-2.amazonaws.com/clothes-NP8103R_NEO403_LR415R_NEO106R_MSL064R-OCT16_720p_2800k.mp4
NEO138B,https://mslvideos.s3-us-west-2.amazonaws.com/CONE-OF-SHAME-NEOPRENE-GEAR-CB103-NEO514-NEO138B-NEO402B-OCT16_720p_2800k.mp4
NEO326B,https://mslvideos.s3-us-west-2.amazonaws.com/NEO514-NEO326-puppypark_720p_2800k.mp4
NEO326K,https://mslvideos.s3-us-west-2.amazonaws.com/NEO514-NEO326-puppypark_720p_2800k.mp4
NEO326R,https://mslvideos.s3-us-west-2.amazonaws.com/NEO514-NEO326-puppypark_720p_2800k.mp4
NEO326Y,https://mslvideos.s3-us-west-2.amazonaws.com/NEO514-NEO326-puppypark_720p_2800k.mp4
NEO500,https://mslvideos.s3-us-west-2.amazonaws.com/NEO500_720p_2800k.mp4
NEO514B,https://mslvideos.s3-us-west-2.amazonaws.com/NEO514-NEO326-puppypark_720p_2800k.mp4
NEO514B,https://mslvideos.s3-us-west-2.amazonaws.com/NeoprenePuppyTricks-NEO514_720p_2800k.mp4
NEO514G,https://mslvideos.s3-us-west-2.amazonaws.com/NEO514-NEO326-puppypark_720p_2800k.mp4
NEO514G,https://mslvideos.s3-us-west-2.amazonaws.com/NeoprenePuppyTricks-NEO514_720p_2800k.mp4
NEO514K,https://mslvideos.s3-us-west-2.amazonaws.com/NEO514-NEO326-puppypark_720p_2800k.mp4
NEO514K,https://mslvideos.s3-us-west-2.amazonaws.com/NeoprenePuppyTricks-NEO514_720p_2800k.mp4
NEO514R,https://mslvideos.s3-us-west-2.amazonaws.com/NEO514-NEO326-puppypark_720p_2800k.mp4
NEO514R,https://mslvideos.s3-us-west-2.amazonaws.com/NeoprenePuppyTricks-NEO514_720p_2800k.mp4
NEO514Y,https://mslvideos.s3-us-west-2.amazonaws.com/NEO514-NEO326-puppypark_720p_2800k.mp4
NEO514Y,https://mslvideos.s3-us-west-2.amazonaws.com/NeoprenePuppyTricks-NEO514_720p_2800k.mp4
NEO525,https://mslvideos.s3-us-west-2.amazonaws.com/Neo525_720p_2800k.mp4
NEO540,http://mslvideos.s3.amazonaws.com/MR.%20S%20LEATHER_neoprene_ankle_wrist_restraints_nonlocking_NEO540_NEO545_amp_commercial.mp4
NEO545,http://mslvideos.s3.amazonaws.com/MR.%20S%20LEATHER_neoprene_ankle_wrist_restraints_nonlocking_NEO540_NEO545_amp_commercial.mp4
NEO546,https://mslvideos.s3-us-west-2.amazonaws.com/NEO546_AMP_NEOPRENE_QUICK_RESTRAINT_ANKLE_WRIST_BONDAGE_VIDEO_720p_2800k.mp4
NP8103R,https://mslvideos.s3-us-west-2.amazonaws.com/clothes-NP8103R_NEO403_LR415R_NEO106R_MSL064R-OCT16_720p_2800k.mp4
PRE016,https://mslvideos.s3-us-west-2.amazonaws.com/DOLANWOLFnBRIANBONDS-2_720p_2800k.mp4
PRE098,https://mslvideos.s3-us-west-2.amazonaws.com/PRE098-PRE099-WallCuffs-DirkCaber-DolanWolf-July2016_720p_2800k.mp4
PUMPKIT,https://mslvideos.s3-us-west-2.amazonaws.com/Pumpkit2-D068-TT104-AUG16_720p_2800k.mp4
PUMPKIT,https://mslvideos.s3-us-west-2.amazonaws.com/PUMPKITdemo_720p_2800k.mp4
R036,https://mslvideos.s3-us-west-2.amazonaws.com/DOLANWOLFnBRIANBONDS-3_720p_2800k.mp4
R036,https://mslvideos.s3-us-west-2.amazonaws.com/R036_720p_2800k.mp4
R234B,https://mslvideos.s3-us-west-2.amazonaws.com/VAC700-R234P-R234-D355_720p_2800k.mp4
R234G,https://mslvideos.s3-us-west-2.amazonaws.com/VAC700-R234P-R234-D355_720p_2800k.mp4
R234K,https://mslvideos.s3-us-west-2.amazonaws.com/VAC700-R234P-R234-D355_720p_2800k.mp4
R234P,https://mslvideos.s3-us-west-2.amazonaws.com/VAC700-R234P-R234-D355_720p_2800k.mp4
R234R,https://mslvideos.s3-us-west-2.amazonaws.com/VAC700-R234P-R234-D355_720p_2800k.mp4
R234Y,https://mslvideos.s3-us-west-2.amazonaws.com/VAC700-R234P-R234-D355_720p_2800k.mp4
R268,https://mslvideos.s3-us-west-2.amazonaws.com/RUBBERCLOTHING_720p_2800k.mp4
R319,https://mslvideos.s3-us-west-2.amazonaws.com/r319-rubber-glove_720p_2800k.mp4
R417,https://mslvideos.s3-us-west-2.amazonaws.com/R417_720p_2800k.mp4
R417,https://mslvideos.s3-us-west-2.amazonaws.com/r419-inflatable-jumbo-2_720p_2800k.mp4
R417,https://mslvideos.s3-us-west-2.amazonaws.com/r419-inflatable-jumbo-1_720p_2800k.mp4
S020,https://mslvideos.s3-us-west-2.amazonaws.com/S020_720p_2800k.mp4
S022,https://mslvideos.s3-us-west-2.amazonaws.com/S022_720p_2800k.mp4
S022,https://mslvideos.s3-us-west-2.amazonaws.com/S022DEMO_720p_2800k.mp4
S060,https://mslvideos.s3-us-west-2.amazonaws.com/QuickPullBondageStraps-JUL2016_720p_2800k.mp4
S060,https://mslvideos.s3-us-west-2.amazonaws.com/S060_720p_2800k.mp4
S084,https://mslvideos.s3-us-west-2.amazonaws.com/RimChair-S084-SS003_720p_2800k.mp4
S085,https://mslvideos.s3-us-west-2.amazonaws.com/S085-RimRocker
SJ008,https://mslvideos.s3-us-west-2.amazonaws.com/straightAVI_720p_2800k.mp4
SJ009,http://mslvideos.s3.amazonaws.com/SJ009-DELUXE-LEATHER-STRAITJACKET.mp4
SJ009,https://mslvideos.s3-us-west-2.amazonaws.com/SJ009_AMP_BRIAN_BONDS_DELUXE_LEATHER_STRAIGHTJACKET_STANDING_VIDEO_720p_2800k.mp4
SJ016,https://mslvideos.s3-us-west-2.amazonaws.com/VectorJacketDirkCaber-SJ016-July2016_720p_2800k.mp4
SJ016,https://mslvideos.s3-us-west-2.amazonaws.com/VectorAndFuckBench-HT014-WS010-SJ016-May16-XXX_720p_2800k.mp4
SJ016,https://mslvideos.s3-us-west-2.amazonaws.com/PaddedStraitJacket-May16_720p_2800k.mp4
SJ016,https://mslvideos.s3-us-west-2.amazonaws.com/SJ016-StraitJacketSleepSack-May16-SocialMedia_720p_2800k.mp4
SL001,https://mslvideos.s3-us-west-2.amazonaws.com/SL503b_720p_2800k.mp4
SL005,https://mslvideos.s3-us-west-2.amazonaws.com/SL005&SL006_720p_2800k.mp4
SL005,https://mslvideos.s3-us-west-2.amazonaws.com/Steph&Patrick SL005 SL006 SL001_720p_2800k.mp4
SL005,https://mslvideos.s3-us-west-2.amazonaws.com/SL005_SL006_AMP_FETTERS_PADDED_LOCKING_RESTRAINT_ANKLE_WRIST_VIDEO_720p_2800k.mp4
SL006,https://mslvideos.s3-us-west-2.amazonaws.com/SL005&SL006_720p_2800k.mp4
SL006,https://mslvideos.s3-us-west-2.amazonaws.com/DIrkCaberAndMaxCameron-CockLock_720p_2800k.mp4
SL006,https://mslvideos.s3-us-west-2.amazonaws.com/Steph&Patrick SL005 SL006 SL001_720p_2800k.mp4
SL006,https://mslvideos.s3-us-west-2.amazonaws.com/SL005_SL006_AMP_FETTERS_PADDED_LOCKING_RESTRAINT_ANKLE_WRIST_VIDEO_720p_2800k.mp4
SL009,https://mslvideos.s3-us-west-2.amazonaws.com/QuickPullBondageStraps-JUL2016_720p_2800k.mp4
SL009,https://mslvideos.s3-us-west-2.amazonaws.com/SL009-QuickPullStraps-PLAY2_720p_2800k.mp4
SL009,https://mslvideos.s3-us-west-2.amazonaws.com/SL009-QuickPullStraps-INSTRUCT_720p_2800k.mp4
SL015,https://mslvideos.s3-us-west-2.amazonaws.com/RuffSuspensionFinal0415_720p_2800k.mp4
SL022A,https://mslvideos.s3-us-west-2.amazonaws.com/clothes-B042-L085-H063-SL022A-OCT16_720p_2800k.mp4
SL022A,https://mslvideos.s3-us-west-2.amazonaws.com/SL022A_720p_2800k.mp4
SL022A,https://mslvideos.s3-us-west-2.amazonaws.com/SL022FettersFootSuspension_720p_2800k.mp4
SL022A,https://mslvideos.s3-us-west-2.amazonaws.com/sl022a-padded-foot-suspension_720p_2800k.mp4
SL024,https://mslvideos.s3-us-west-2.amazonaws.com/sl024-leather-handcuffs_720p_2800k.mp4
SL034,https://mslvideos.s3-us-west-2.amazonaws.com/DIrkCaberAndMaxCameron-HangingStrapCage_720p_2800k.mp4
SL034,https://mslvideos.s3-us-west-2.amazonaws.com/SL034_AMP_PADDED_FIST_MITT_FETTERS_LOCKING_RESTRAINT_FISTMITT_VIDEO_720p_2800k.mp4
SL034,https://mslvideos.s3-us-west-2.amazonaws.com/sl034-padded-fist-mitts_720p_2800k.mp4
SL035,https://mslvideos.s3-us-west-2.amazonaws.com/GASMASK-TylerRush-ChrisBurke_720p_2800k.mp4
SL035,https://mslvideos.s3-us-west-2.amazonaws.com/AssHook-TylerRush-ChrisBurke_720p_2800k.mp4
SL049,https://mslvideos.s3-us-west-2.amazonaws.com/DIrkCaberAndMaxCameron-HangingStrapCage_720p_2800k.mp4
SL054,https://mslvideos.s3-us-west-2.amazonaws.com/SL054DEMO_720p_2800k.mp4
SL061,https://mslvideos.s3-us-west-2.amazonaws.com/SL061a_720p_2800k.mp4
SL068,http://mslvideos.s3.amazonaws.com/MR.%20S%20LEATHER_padded_ankle_wrist_restraints_nonlocking_sl068_sl069_amp_commercial.mp4
SL069,http://mslvideos.s3.amazonaws.com/MR.%20S%20LEATHER_padded_ankle_wrist_restraints_nonlocking_sl068_sl069_amp_commercial.mp4
SL072,https://mslvideos.s3-us-west-2.amazonaws.com/DOLANWOLFnBRIANBONDS-1_720p_2800k.mp4
SL072,https://mslvideos.s3-us-west-2.amazonaws.com/SL072_SL073-PJ-AMP_720p_2800k.mp4
SL073,https://mslvideos.s3-us-west-2.amazonaws.com/DOLANWOLFnBRIANBONDS-3_720p_2800k.mp4
SL073,https://mslvideos.s3-us-west-2.amazonaws.com/SL072_SL073-PJ-AMP_720p_2800k.mp4
SL080,https://mslvideos.s3-us-west-2.amazonaws.com/SL080_720p_2800k.mp4
SL081,https://mslvideos.s3-us-west-2.amazonaws.com/FM001-SL081-SL060-FuckMachine_720p_2800k.mp4
SL081,https://mslvideos.s3-us-west-2.amazonaws.com/SL081-W048-SL060_720p_2800k.mp4
SL081,https://mslvideos.s3-us-west-2.amazonaws.com/SL081-20131018_720p_2800k.mp4
SL095,https://mslvideos.s3-us-west-2.amazonaws.com/AssHook-TylerRush-ChrisBurke_720p_2800k.mp4
SL095,https://mslvideos.s3-us-west-2.amazonaws.com/SL095_AMP_BRIAN_BONDS_SHOULDER_WRIST_RESTRAINT_LEATHER_BONDAGE_VIDEO_720p_2800k.mp4
SL097,https://mslvideos.s3-us-west-2.amazonaws.com/SL097demo_720p_2800k.mp4
SL098,https://mslvideos.s3-us-west-2.amazonaws.com/SL098DEMO_720p_2800k.mp4
SL212,http://mslvideos.s3.amazonaws.com/Mr-S-Leather-Suspension-Hand-Slings-Kristofer-Abraham-SL212-Action%20%281%29.mp4
SL265,https://mslvideos.s3-us-west-2.amazonaws.com/PUPPY-TylerRush-ChrisBurke_720p_2800k.mp4
SL269,https://mslvideos.s3-us-west-2.amazonaws.com/C053-SL269-SL270-NOV16_720p_2800k.mp4
SL270,https://mslvideos.s3-us-west-2.amazonaws.com/C053-SL269-SL270-NOV16_720p_2800k.mp4
SL358,https://mslvideos.s3-us-west-2.amazonaws.com/DOLANWOLFnBRIANBONDS-3_720p_2800k.mp4
SL360,https://mslvideos.s3-us-west-2.amazonaws.com/SL360-WristToBallRestraint_720p_2800k.mp4
SL360,http://mslvideos.s3.amazonaws.com/Mr-S-Leather-Wrist-ball-restraint-Dirk-Caber-Todd-SL360-Action.mp4
SL360,https://mslvideos.s3-us-west-2.amazonaws.com/SL360-DEMO_720p_2800k.mp4
SL500,https://mslvideos.s3-us-west-2.amazonaws.com/D047_D128_SL500_SwissNavyGreaseTitusAnalBeadsWristtoThigHRestraints-NOV16_720p_2800k.mp4
SL503,https://mslvideos.s3-us-west-2.amazonaws.com/SL503b_720p_2800k.mp4
SP010,https://mslvideos.s3-us-west-2.amazonaws.com/SP010_720p_2800k.mp4
SS003,https://mslvideos.s3-us-west-2.amazonaws.com/RimChair-S084-SS003_720p_2800k.mp4
SS003,https://mslvideos.s3-us-west-2.amazonaws.com/ss003-deluxe-sleepsack_720p_2800k.mp4
SS040,https://mslvideos.s3-us-west-2.amazonaws.com/SS040-ElecVacPump-BuddyConctr-CckCylndr-SlpSack-MaxCameron&DrewSebastian_720p_2800k.mp4
TT001,https://mslvideos.s3-us-west-2.amazonaws.com/TT001_720p_2800k.mp4
TT052,https://mslvideos.s3-us-west-2.amazonaws.com/TT52-ElecVacPump-BuddyConctr-CckCylndr-SlpSack-MaxCameron&DrewSebastian 2_720p_2800k.mp4
TT052,https://mslvideos.s3-us-west-2.amazonaws.com/TT102-TT52-AUG16_720p_2800k.mp4
TT100,https://mslvideos.s3-us-west-2.amazonaws.com/TT100-ElecVacPump-BuddyConctr-CckCylndr-SlpSack-MaxCameron&DrewSebastian_720p_2800k.mp4
TT100W,http://mslvideos.s3.amazonaws.com/Mr-S-Leather-Cock-Cylinder-TT100W-brian-bonds-william-action.mp4
TT102,https://mslvideos.s3-us-west-2.amazonaws.com/TT102-TT52-AUG16_720p_2800k.mp4
TT103,https://mslvideos.s3-us-west-2.amazonaws.com/tt103-hand-pump_720p_2800k.mp4
TT103,https://mslvideos.s3-us-west-2.amazonaws.com/Pumpkit2-D068-TT104-AUG16_720p_2800k.mp4
TT103,http://mslvideos.s3.amazonaws.com/Mr-S-Leather-Hand-Pump-Deluxe-TT103-brian-bonds-william-action.mp4
TT104,https://mslvideos.s3-us-west-2.amazonaws.com/Pumpkit2-D068-TT104-AUG16_720p_2800k.mp4
TT105,https://mslvideos.s3-us-west-2.amazonaws.com/TT105-TT107-AUG16_720p_2800k.mp4
TT107,https://mslvideos.s3-us-west-2.amazonaws.com/TT105-TT107-AUG16_720p_2800k.mp4
TT17,https://mslvideos.s3-us-west-2.amazonaws.com/tt017-tempest-tit-clamps_720p_2800k.mp4
TT200,https://mslvideos.s3-us-west-2.amazonaws.com/TT200DEMO_720p_2800k.mp4
TT207,https://mslvideos.s3-us-west-2.amazonaws.com/TT207-SCREWSsmallDEMO_720p_2800k.mp4
TT209,https://mslvideos.s3-us-west-2.amazonaws.com/TT209-SCREWSDEMO_720p_2800k.mp4
TT301C,https://mslvideos.s3-us-west-2.amazonaws.com/tt006-japanese-clover-silver_720p_2800k.mp4
TT301C,https://mslvideos.s3-us-west-2.amazonaws.com/AssHook-TylerRush-ChrisBurke_720p_2800k.mp4
TT301K,https://mslvideos.s3-us-west-2.amazonaws.com/tt006-japanese-clover-silver_720p_2800k.mp4
TT3600,http://mslvideos.s3.amazonaws.com/TT3600-THICK-WALL-COCK-CYLINDER-MAY17.mp4
TT3600,https://mslvideos.s3-us-west-2.amazonaws.com/TT3600_THICK_WALL_COCK_CYLINDER_PUMP_AMP_720p_2800k.mp4
TY030,https://mslvideos.s3-us-west-2.amazonaws.com/DOLANWOLFnBRIANBONDS-1_720p_2800k.mp4
TY090,https://mslvideos.s3-us-west-2.amazonaws.com/BRIANBONDSandCONNORPATRICS-Hoisted_720p_2800k.mp4
TY090,https://mslvideos.s3-us-west-2.amazonaws.com/BRIANBONDSandCONNORPATRICS-SuspensionSucking_720p_2800k.mp4
TY090,https://mslvideos.s3-us-west-2.amazonaws.com/TY091-DEMO_720p_2800k.mp4
TY090,https://mslvideos.s3-us-west-2.amazonaws.com/15ROPETWOCOLUMNTIE_720p_2800k.mp4
TY090,https://mslvideos.s3-us-west-2.amazonaws.com/TwistedMonkRopeCare_720p_2800k.mp4
TY091,https://mslvideos.s3-us-west-2.amazonaws.com/BRIANBONDSandCONNORPATRICS-SuspensionSucking_720p_2800k.mp4
TY091,https://mslvideos.s3-us-west-2.amazonaws.com/BRIANBONDSandCONNORPATRICS-Hoisted_720p_2800k.mp4
TY091,https://mslvideos.s3-us-west-2.amazonaws.com/TY091-DEMO_720p_2800k.mp4
TY091,https://mslvideos.s3-us-west-2.amazonaws.com/15ROPETWOCOLUMNTIE_720p_2800k.mp4
TY091,https://mslvideos.s3-us-west-2.amazonaws.com/30ROPESPEEDHARNESS_720p_2800k.mp4
TY091,https://mslvideos.s3-us-west-2.amazonaws.com/TwistedMonkRopeCare_720p_2800k.mp4
TY092K,https://mslvideos.s3-us-west-2.amazonaws.com/BRIANBONDSandCONNORPATRICS-SuspensionSucking_720p_2800k.mp4
TY092K,https://mslvideos.s3-us-west-2.amazonaws.com/BRIANBONDSandCONNORPATRICS-CumShots_720p_2800k.mp4
TY092K,https://mslvideos.s3-us-west-2.amazonaws.com/TwistedMonkBondage_720p_2800k.mp4
TY092K,https://mslvideos.s3-us-west-2.amazonaws.com/15ROPETWOCOLUMNTIE_720p_2800k.mp4
TY092K,https://mslvideos.s3-us-west-2.amazonaws.com/1530HempRopeTwistedMonk_720p_2800k.mp4
TY092K,https://mslvideos.s3-us-west-2.amazonaws.com/TwistedMonkRopeCare_720p_2800k.mp4
TY092R,https://mslvideos.s3-us-west-2.amazonaws.com/BRIANBONDSandCONNORPATRICS-SuspensionSucking_720p_2800k.mp4
TY092R,https://mslvideos.s3-us-west-2.amazonaws.com/BRIANBONDSandCONNORPATRICS-CumShots_720p_2800k.mp4
TY092R,https://mslvideos.s3-us-west-2.amazonaws.com/TwistedMonkBondage_720p_2800k.mp4
TY092R,https://mslvideos.s3-us-west-2.amazonaws.com/1530HempRopeTwistedMonk_720p_2800k.mp4
TY092R,https://mslvideos.s3-us-west-2.amazonaws.com/15ROPETWOCOLUMNTIE_720p_2800k.mp4
TY092R,https://mslvideos.s3-us-west-2.amazonaws.com/30ROPESPEEDHARNESS_720p_2800k.mp4
TY093K,https://mslvideos.s3-us-west-2.amazonaws.com/BRIANBONDSandCONNORPATRICS-SuspensionSucking_720p_2800k.mp4
TY093K,https://mslvideos.s3-us-west-2.amazonaws.com/TwistedMonkBondage_720p_2800k.mp4
TY093K,https://mslvideos.s3-us-west-2.amazonaws.com/1530HempRopeTwistedMonk_720p_2800k.mp4
TY093K,https://mslvideos.s3-us-west-2.amazonaws.com/15ROPETWOCOLUMNTIE_720p_2800k.mp4
TY093K,https://mslvideos.s3-us-west-2.amazonaws.com/30ROPESPEEDHARNESS_720p_2800k.mp4
TY093K,https://mslvideos.s3-us-west-2.amazonaws.com/TwistedMonkRopeCare_720p_2800k.mp4
TY093R,https://mslvideos.s3-us-west-2.amazonaws.com/BRIANBONDSandCONNORPATRICS-SuspensionSucking_720p_2800k.mp4
TY093R,https://mslvideos.s3-us-west-2.amazonaws.com/BRIANBONDSandCONNORPATRICS-CumShots_720p_2800k.mp4
TY093R,https://mslvideos.s3-us-west-2.amazonaws.com/TwistedMonkBondage_720p_2800k.mp4
TY093R,https://mslvideos.s3-us-west-2.amazonaws.com/1530HempRopeTwistedMonk_720p_2800k.mp4
TY093R,https://mslvideos.s3-us-west-2.amazonaws.com/15ROPETWOCOLUMNTIE_720p_2800k.mp4
TY093R,https://mslvideos.s3-us-west-2.amazonaws.com/30ROPESPEEDHARNESS_720p_2800k.mp4
TY093R,https://mslvideos.s3-us-west-2.amazonaws.com/TwistedMonkRopeCare_720p_2800k.mp4
VAC700,https://mslvideos.s3-us-west-2.amazonaws.com/VAC700-R234P-R234-D355_720p_2800k.mp4
VAC700,https://mslvideos.s3-us-west-2.amazonaws.com/VAC700DEMO_720p_2800k.mp4
VAC701,https://mslvideos.s3-us-west-2.amazonaws.com/VAC700DEMO_720p_2800k.mp4
VAC702,https://mslvideos.s3-us-west-2.amazonaws.com/VAC700DEMO_720p_2800k.mp4
VAC703,https://mslvideos.s3-us-west-2.amazonaws.com/VAC700DEMO_720p_2800k.mp4
VAC704,https://mslvideos.s3-us-west-2.amazonaws.com/VAC700DEMO_720p_2800k.mp4
W012,https://mslvideos.s3-us-west-2.amazonaws.com/W012-W013DEMO_720p_2800k.mp4
W013,https://mslvideos.s3-us-west-2.amazonaws.com/W012-W013DEMO_720p_2800k.mp4
W018,https://mslvideos.s3-us-west-2.amazonaws.com/W018Demo-032416_720p_2800k.mp4
W019,https://mslvideos.s3-us-west-2.amazonaws.com/W019-DaddysBelt_720p_2800k.mp4
W019,https://mslvideos.s3-us-west-2.amazonaws.com/W019Demo-032416_720p_2800k.mp4
W029,https://mslvideos.s3-us-west-2.amazonaws.com/W029_720p_2800k.mp4
W032,https://mslvideos.s3-us-west-2.amazonaws.com/W032_720p_2800k.mp4
W045,https://mslvideos.s3-us-west-2.amazonaws.com/W045_720p_2800k.mp4
W045,https://mslvideos.s3-us-west-2.amazonaws.com/W045demo_720p_2800k.mp4
W046,https://mslvideos.s3-us-west-2.amazonaws.com/W046_720p_2800k.mp4
W049,https://mslvideos.s3-us-west-2.amazonaws.com/VectorJacketDirkCaber-SJ016-July2016_720p_2800k.mp4
W060,https://mslvideos.s3-us-west-2.amazonaws.com/DIrkCaberAndMaxCameron-HangingStrapCage_720p_2800k.mp4
W060,https://mslvideos.s3-us-west-2.amazonaws.com/W060-EnforcerPaddle_720p_2800k.mp4
W071,http://mslvideos.s3.amazonaws.com/Mr-S-Leather-Single-tail-16-plait-W071-Arrow-Action.mp4
W072,https://mslvideos.s3-us-west-2.amazonaws.com/W072DEMO_720p_2800k.mp4
W073,https://mslvideos.s3-us-west-2.amazonaws.com/MR S CatONineTails W073_720p_2800k.mp4
W099P,https://mslvideos.s3-us-west-2.amazonaws.com/Dore_Alley_Flogging1c-Flogger_720p_2800k.mp4
W099P,https://mslvideos.s3-us-west-2.amazonaws.com/CaringForFloggers_720p_2800k.mp4
W101,https://mslvideos.s3-us-west-2.amazonaws.com/GASMASK-TylerRush-ChrisBurke_720p_2800k.mp4
W101,https://mslvideos.s3-us-west-2.amazonaws.com/Dore_Alley_Flogging1c-Flogger_720p_2800k.mp4
W101,https://mslvideos.s3-us-west-2.amazonaws.com/W101-W102-GoldfarbWolf_720p_2800k.mp4
W101,https://mslvideos.s3-us-west-2.amazonaws.com/Dore_Alley_Flogging2c-Flogger_720p_2800k.mp4
W101,https://mslvideos.s3-us-west-2.amazonaws.com/CaringForFloggers_720p_2800k.mp4
W102,https://mslvideos.s3-us-west-2.amazonaws.com/W101-W102-GoldfarbWolf_720p_2800k.mp4
W102,https://mslvideos.s3-us-west-2.amazonaws.com/Dore_Alley_Flogging5c-Flogger_720p_2800k.mp4
W102,https://mslvideos.s3-us-west-2.amazonaws.com/W102DEMO_720p_2800k.mp4
W102,https://mslvideos.s3-us-west-2.amazonaws.com/CaringForFloggers_720p_2800k.mp4
W103,http://mslvideos.s3.amazonaws.com/Mr-S-Leather-Full-size-progrip-mid-size-standard-flogger-Kristofer-Abraham-W102-W103-Action-SD%20%281%29.mp4
W103,https://mslvideos.s3-us-west-2.amazonaws.com/CaringForFloggers_720p_2800k.mp4
W104,https://mslvideos.s3-us-west-2.amazonaws.com/Dore_Alley_Flogging1c-Flogger_720p_2800k.mp4
W104,https://mslvideos.s3-us-west-2.amazonaws.com/Dore_Alley_Flogging5c-Flogger_720p_2800k.mp4
W104,https://mslvideos.s3-us-west-2.amazonaws.com/CaringForFloggers_720p_2800k.mp4
W2,https://mslvideos.s3-us-west-2.amazonaws.com/W2-Cyll&Dolan_720p_2800k.mp4
W23,https://mslvideos.s3-us-west-2.amazonaws.com/W023_720p_2800k.mp4
W3,https://mslvideos.s3-us-west-2.amazonaws.com/W3-Cyll&Dolan_720p_2800k.mp4
W401,https://mslvideos.s3-us-west-2.amazonaws.com/MR S DragonsTongue W401_720p_2800k.mp4
WB040,https://mslvideos.s3-us-west-2.amazonaws.com/WB040DEMO_720p_2800k.mp4
WB074R,https://mslvideos.s3-us-west-2.amazonaws.com/PUPPY-TylerRush-ChrisBurke_720p_2800k.mp4
WB075,https://mslvideos.s3-us-west-2.amazonaws.com/WB075-HeavyDutyWristCuffWallet-Nov16_720p_2800k.mp4
WS010,https://mslvideos.s3-us-west-2.amazonaws.com/WS010_720p_2800k.mp4
WS010,https://mslvideos.s3-us-west-2.amazonaws.com/VectorAndFuckBench-HT014-WS010-SJ016-May16-XXX_720p_2800k.mp4
