barechestedness,4861
muscle,4704
man,4099
male,3858
arm,2481
chest,2169
active undergarment,1822
body man,1459
facial hair,1436
neck,1417
undergarment,1249
abdomen,1181
mouth,1170
hand,1156
boy,931
bodybuilder,819
briefs,808
wrestler,795
model,721
chin,666
leg,646
finger,622
standing,537
fetish model,513
joint,497
chest hair,414
shoulder,400
flesh,353
underpants,352
thigh,342
beard,277
human body,258
pain,254
material,238
lingerie,225
trunk,209
tattoo,205
wrestling singlet,202
aggression,181
organ,178
cheek,166
latex clothing,145
girl,133
pradal serey,124
bodybuilding,107
t shirt,107
black hair,88
close up,87
physical fitness,74
human leg,67
headgear,63
performance,62
footwear,56
outerwear,54
back,52
latex,49
shorts,49
folk wrestling,46
black,44
socialite,43
boxing glove,41
eyewear,40
stomach,33
human,30
tights,30
fashion model,29
fashion,26
personal protective equipment,26
product,26
yellow,26
blue,25
waist,23
sport venue,21
sportswear,21
wrist,21
jeans,19
mask,19
interaction,18
competition,17
grass,17
swim brief,17
profession,16
tree,16
black and white,15
ear,15
g string,15
jungle,14
snout,14
forehead,13
leggings,13
costume,12
head,12
knee,12
sleeve,12
trunks,12
fitness professional,11
sunglasses,11
swimsuit bottom,11
clothing,10
monochrome photography,10
moustache,10
textile,10
car,9
hair,9
thumb,9
vehicle,9
boxing ring,8
fun,8
glasses,8
human hair color,8
nose,8
stage,8
structure,8
hip,7
professional wrestling,7
room,7
sleeveless shirt,7
women's erotica,7
cool,6
gas mask,6
green,6
masque,6
vision care,6
adventure,5
cap,5
denim,5
eyebrow,5
forest,5
jaw,5
music,5
musician,5
performance art,5
performing arts,5
audio,4
blood,4
drink,4
event,4
mammal,4
purple,4
sitting,4
sports uniform,4
water,4
action figure,3
audio equipment,3
boxing equipment,3
collegiate wrestling,3
darkness,3
gang,3
garter,3
hairstyle,3
kilt,3
leather,3
pride parade,3
public event,3
street,3
string instrument,3
supermodel,3
tattoo artist,3
calf,2
drinking,2
face,2
fictional character,2
flooring,2
go go dancing,2
gun,2
hat,2
jewellery,2
lip,2
military,2
miniskirt,2
motor vehicle,2
musical instrument,2
nail,2
net,2
pattern,2
photography,2
race,2
soldier,2
swimwear,2
trousers,2
vacation,2
weapon,2
weight training,2
wetsuit,2
wilderness,2
wrestling,2
adventurer,1
army,1
art,1
athlete,1
beauty,1
bicycle clothing,1
bicycle helmet,1
boxing,1
crowd,1
dancer,1
erotic,1
erotic literature,1
fashion accessory,1
festival,1
firearm,1
foot,1
gentleman,1
gladiator,1
little black dress,1
mercenary,1
metal,1
microphone,1
midnight,1
military police,1
militia,1
mode of transport,1
music artist,1
musical instrument accessory,1
necklace,1
orange,1
pantyhose,1
photograph,1
pink,1
plant,1
protective gear in sports,1
recreation,1
red,1
shoe,1
skin,1
stemware,1
woodland,1
zombie,1
