product design,1496
product,1471
font,544
black and white,448
monochrome,307
metal,275
still life photography,272
monochrome photography,218
hardware,217
fashion accessory,212
automotive design,207
silver,182
black,126
photography,120
strap,116
angle,107
technology,107
hardware accessory,89
brand,83
arm,82
computer wallpaper,80
audio equipment,78
glass,77
personal protective equipment,76
buckle,73
hand,73
leather,71
belt,68
close up,68
material,67
shoe,66
jewellery,65
light,63
finger,59
ring,50
audio,46
bottle,43
circle,42
human leg,42
liquid,42
wheel,41
glass bottle,40
plastic,40
headgear,38
macro photography,38
mask,38
red,36
cylinder,35
electronics accessory,34
figurine,33
weapon,33
body jewelry,32
tool,32
sculpture,30
chain,28
yellow,28
automotive exterior,27
electric blue,27
electronic device,27
head,27
organism,27
dog collar,26
line,26
crystal,25
automotive tire,24
cable,24
electronics,24
neck,24
design,23
headphones,23
lighting,23
joint,21
orange,21
text,20
auto part,19
furniture,19
protective gear in sports,19
eyewear,18
sock,18
vehicle,18
artifact,17
car,17
chin,17
helmet,17
blue,16
handcuffs,16
footwear,15
goggles,15
light fixture,15
bag,14
glasses,14
motor vehicle,14
pattern,14
platinum,14
automotive lighting,13
green,13
gun,13
thumb,13
tire,13
jaw,12
leg,12
masque,12
table,12
wire,12
cold weapon,11
vision care,11
chair,10
classical sculpture,10
cobalt blue,10
darkness,10
emblem,10
flesh,10
gadget,10
hand model,10
knife,10
multimedia,10
wedding ring,10
bracelet,9
fashion,9
fictional character,9
gun accessory,9
plastic bottle,9
active undergarment,8
automotive wheel system,8
baseball cap,8
cap,8
drinkware,8
handbag,8
padlock,8
symbol,8
wallet,8
blade,7
facial hair,7
hat,7
jewelry making,7
muscle,7
purple,7
snout,7
sports equipment,7
thigh,7
white,7
bangle,6
bit,6
floor,6
lamp,6
logo,6
outdoor shoe,6
pocket,6
sunglasses,6
t shirt,6
triangle,6
trigger,6
water,6
collar,5
face,5
firearm,5
latex clothing,5
mobile phone,5
mode of transport,5
motorcycle accessories,5
rectangle,5
shoulder,5
spray,5
textile,5
brass,4
carving,4
ceramic,4
ear,4
electronic instrument,4
fashion design,4
graphics,4
handgun holster,4
label,4
mannequin,4
melee weapon,4
mesh,4
microphone,4
rim,4
scissors,4
steel,4
waste containment,4
watch strap,4
wrist,4
art,3
boot,3
bow tie,3
bumper,3
camera accessory,3
earrings,3
eye,3
fashion model,3
flooring,3
foot,3
gas mask,3
gauge,3
hip,3
jade,3
jeans,3
keychain,3
knee,3
latex,3
motorcycle,3
mouth,3
pendant,3
photograph,3
rifle,3
sleeve,3
structure,3
synthetic rubber,3
tableware,3
tights,3
trunk,3
vase,3
watch accessory,3
wood,3
zipper,3
atmosphere,2
automotive exhaust,2
barware,2
bed,2
bicycle helmet,2
boxing glove,2
camera lens,2
carabiner,2
cellular network,2
chopper,2
coffee table,2
computer speaker,2
couch,2
dagger,2
diving mask,2
drawing,2
end table,2
exhaust system,2
fashion show,2
gemstone,2
girl,2
gun barrel,2
head restraint,2
hockey protective equipment,2
iron,2
khaki,2
leash,2
lock,2
machete,2
measuring instrument,2
military,2
military camouflage,2
model,2
mouse,2
musical instrument accessory,2
nose,2
numeric keypad,2
outerwear,2
pearl,2
pillow,2
pipe,2
pottery,2
propeller,2
scabbard,2
scale model,2
socialite,2
speedometer,2
sphere,2
spoke,2
square,2
statue,2
system,2
telephony,2
test tube,2
undergarment,2
underpants,2
waist,2
wristband,2
3d modeling,1
abdomen,1
action figure,1
advertising,1
airplane,1
ankle,1
ashtray,1
audio receiver,1
azure,1
banana,1
banana family,1
bed frame,1
bed sheet,1
belt buckle,1
black hair,1
bowling pin,1
brass instrument,1
briefs,1
calf,1
camera,1
carnivoran,1
case,1
ceiling fixture,1
computer component,1
cool,1
cosmetics,1
cruiser,1
cushion,1
cutlery,1
denim,1
desk,1
diamond,1
digital slr,1
display device,1
dress,1
drink,1
duvet cover,1
electrical connector,1
electrical wiring,1
electronic component,1
energy drink,1
erotic,1
exercise equipment,1
flask,1
forehead,1
fork,1
fun,1
gold,1
hair shear,1
hairstyle,1
hardwood,1
headlamp,1
headset,1
hearing,1
high heeled footwear,1
horn,1
invertebrate,1
kitchen knife,1
land vehicle,1
lens cap,1
lid,1
long sleeved t shirt,1
magenta,1
marine mammal,1
mattress,1
mid size car,1
miniskirt,1
mobile phone accessories,1
motorcycle helmet,1
musical instrument,1
nail,1
necktie,1
pen,1
perfume,1
pink,1
pliers,1
ranged weapon,1
remote control,1
rock climbing equipment,1
seat belt,1
shorts,1
shotgun,1
signage,1
single lens reflex camera,1
ski binding,1
small appliance,1
soldier,1
sole,1
speaker wire,1
spiral,1
still life,1
stock photography,1
stone carving,1
string instrument,1
supermodel,1
tail,1
tap,1
throwing knife,1
tripod,1
urn,1
violet,1
watch,1
weighing scale,1
weightlifting machine,1
windshield,1
wing,1
