active undergarment,2845
muscle,2438
undergarment,1855
barechestedness,1822
male,1812
man,1780
body man,1273
briefs,1221
abdomen,985
underpants,798
arm,691
joint,635
thigh,588
model,566
chest,564
wrestler,563
lingerie,511
shoulder,403
standing,402
boy,398
wrestling singlet,355
bodybuilder,354
neck,282
facial hair,264
leg,234
fetish model,229
hand,191
shorts,189
waist,179
sportswear,173
swimsuit bottom,167
trunks,150
swim brief,143
finger,136
latex clothing,131
product,128
chin,107
hip,105
tights,105
material,99
mouth,98
human leg,92
g string,86
yellow,80
girl,75
sports uniform,66
t shirt,62
outerwear,58
blue,53
chest hair,50
cheek,49
flesh,48
close up,45
clothing,45
stomach,45
folk wrestling,42
leggings,41
boxing glove,40
bodybuilding,39
footwear,39
knee,38
leather,37
pain,35
black,29
trunk,29
human body,28
latex,28
physical fitness,28
aggression,27
sleeveless shirt,27
jeans,25
back,24
trousers,20
wrist,20
beard,19
headgear,19
electric blue,18
red,18
orange,15
tattoo,15
black hair,14
garter,14
fashion model,13
purple,13
collegiate wrestling,12
personal protective equipment,12
spandex,12
pradal serey,9
active shorts,8
denim,8
erotic,8
product design,8
brand,7
calf,7
eyewear,7
fitness professional,7
font,7
green,7
sleeve,7
stocking,7
strap,7
sport venue,6
swimsuit top,6
swimwear,6
organ,5
structure,5
supermodel,5
textile,5
brassiere,4
cobalt blue,4
competition,4
costume,4
fashion,4
fashion accessory,4
human,4
pantyhose,4
protective gear in sports,4
wetsuit,4
agent provocateur,3
human hair color,3
mask,3
pink,3
pocket,3
shoe,3
drink,2
fitness and figure competition,2
gas mask,2
gun accessory,2
handgun holster,2
nail,2
performance,2
room,2
snout,2
weight training,2
white,2
wristband,2
ankle,1
aqua,1
athlete,1
audio,1
azure,1
bandage,1
belt,1
black and white,1
blond,1
bottle,1
ear,1
firearm,1
fun,1
girdle,1
goggles,1
gun,1
interaction,1
lip,1
metal,1
miniskirt,1
monochrome photography,1
profession,1
professional wrestling,1
sock,1
soubrette,1
sunglasses,1
thumb,1
turquoise,1
uniform,1
vehicle,1
weapon,1
